anotheralley,0,0,0,0,19700101
armcover,12,68,0,0,20170407
cosyhana,12,88,5,1,20180813
donighdecker,12,63,1,1,20180810
emilymily,4,5,0,0,20101213
fukase,1,15,0,0,20120223
lifedeco,0,0,0,0,19700101
closetbar,6,78,0,0,20180610
fortunestone,8,626,0,0,20170511
naptown,12,867,2,1,20180809
ppbooks,0,6,0,0,19700101
libreange,12,45,0,0,20180616
macchanland,12,801,8,3,20180813
mondoshop,10,10,0,0,20141220
hitheart,0,0,0,0,19700101
junsai,0,4,0,0,19700101
slishbychie,12,133,3,0,20180803
vectordesign,12,36,0,0,20161011
turkmen,12,194496,12,9,20180813
y1830,4,36,0,0,20171026
2016ak,0,0,0,0,19700101
37camp,12,103,1,0,20180807
ibusana,0,20,0,0,19700101
karakaze,12,46,0,0,20140408
kiini,12,258865,2,0,20180805
kisoken,0,1,0,0,19700101
kusushi,12,480,12,4,20180812
amemi,3,17,0,0,20110524
asphyxia,0,2,0,0,19700101
aunishop,5,15,0,0,20130715
eflower,0,37,0,0,19700101
follies,2,29,0,0,20140829
naildeko,12,48,0,0,20180520
nodokanodoka,0,87,0,0,19700101
pluscoffee,0,1,0,0,19700101
ariaria,0,0,0,0,19700101
aumbak,12,275,1,1,20180809
candly,1,3,0,0,20121231
volu,0,144,0,0,19700101
woodbird,0,0,0,0,19700101
yumimpo,12,1334,9,2,20180811
jsleather,0,173,0,0,19700101
katadama,12,39,0,0,20180325
riverwide,0,0,0,0,19700101
rabbitflower,0,2,0,0,19700101
buynow,0,5,0,0,19700101
margaretc,0,63,0,0,19700101
zeroichi,0,1,0,0,19700101
kamostore,0,4,0,0,19700101
morutopia,0,85,0,0,19700101
agriquartet,0,19,0,0,19700101
amoremare,0,723,0,0,19700101
bloodvisions,12,625,0,0,20180710
gohon,0,15,0,0,19700101
swantailor0,12,1535,12,12,20180814
voiceryu,0,214,0,0,19700101
youngbit,2,5,0,0,20130411
sawabeyuka,12,258,8,4,20180813
shirodashi,1,1,0,0,20140710
snowflake,12,777,0,0,20171006
gracegroan,12,451,5,1,20180811
tsuda,12,23086,12,3,20180811
451photo,12,2819,0,0,20180713
hirocore,0,66,0,0,19700101
ifpanel,12,1795,12,6,20180814
maker,5,344,0,0,20170223
asiafan,5,4,0,0,20120927
baton2017,12,23,0,0,20161201
lexotan25t,12,43,0,0,20180623
makana5525,12,90,0,0,20180421
mercari,12,123936,1,0,20180807
miac,0,24,0,0,19700101
atoron,12,2,0,0,20120326
castellanote,0,0,0,0,19700101
anotheralley,0,0,0,0,19700101
armcover,12,68,0,0,20170407
anotheralley,0,0,0,0,19700101
armcover,12,68,0,0,20170407
cosyhana,12,88,5,1,20180813
donighdecker,12,63,1,1,20180810
emilymily,4,5,0,0,20101213
fukase,1,15,0,0,20120223
lifedeco,0,0,0,0,19700101
closetbar,6,78,0,0,20180610
fortunestone,8,626,0,0,20170511
naptown,12,867,2,1,20180809
ppbooks,0,6,0,0,19700101
libreange,12,45,0,0,20180616
macchanland,12,801,8,3,20180813
mondoshop,10,10,0,0,20141220
hitheart,0,0,0,0,19700101
junsai,0,4,0,0,19700101
slishbychie,12,133,3,0,20180803
vectordesign,12,36,0,0,20161011
turkmen,12,194495,12,9,20180813
y1830,4,36,0,0,20171026
2016ak,0,0,0,0,19700101
37camp,12,103,1,0,20180807
ibusana,0,20,0,0,19700101
karakaze,12,46,0,0,20140408
kiini,12,258867,2,0,20180805
kisoken,0,1,0,0,19700101
kusushi,12,480,12,4,20180812
amemi,3,17,0,0,20110524
asphyxia,0,2,0,0,19700101
aunishop,5,15,0,0,20130715
eflower,0,37,0,0,19700101
follies,2,29,0,0,20140829
naildeko,12,48,0,0,20180520
nodokanodoka,0,87,0,0,19700101
pluscoffee,0,1,0,0,19700101
ariaria,0,0,0,0,19700101
aumbak,12,275,1,1,20180809
candly,1,3,0,0,20121231
volu,0,144,0,0,19700101
woodbird,0,0,0,0,19700101
yumimpo,12,1334,9,2,20180811
jsleather,0,173,0,0,19700101
katadama,12,39,0,0,20180325
riverwide,0,0,0,0,19700101
rabbitflower,0,2,0,0,19700101
buynow,0,5,0,0,19700101
margaretc,0,63,0,0,19700101
zeroichi,0,1,0,0,19700101
kamostore,0,4,0,0,19700101
morutopia,0,85,0,0,19700101
agriquartet,0,19,0,0,19700101
amoremare,0,723,0,0,19700101
bloodvisions,12,625,0,0,20180710
gohon,0,15,0,0,19700101
swantailor0,12,1535,12,12,20180814
voiceryu,0,214,0,0,19700101
youngbit,2,5,0,0,20130411
sawabeyuka,12,258,8,4,20180813
shirodashi,1,1,0,0,20140710
snowflake,12,777,0,0,20171006
gracegroan,12,451,5,1,20180811
tsuda,12,23086,12,3,20180811
451photo,12,2819,0,0,20180713
hirocore,0,66,0,0,19700101
ifpanel,12,1794,12,6,20180814
maker,5,344,0,0,20170223
asiafan,5,4,0,0,20120927
baton2017,12,23,0,0,20161201
lexotan25t,12,43,0,0,20180623
makana5525,12,90,0,0,20180421
mercari,12,123936,1,0,20180807
miac,0,24,0,0,19700101
atoron,12,2,0,0,20120326
castellanote,0,0,0,0,19700101
norinoomise,12,563,12,12,20180814
ramuneid,12,314,4,1,20180808
aisarekon,0,0,0,0,19700101
lsgrand,0,0,0,0,19700101
inishie,12,236,1,0,20180718
hersheys,12,137176,12,6,20180810
hmk1127,0,1,0,0,19700101
honocurry,12,277,0,0,20180123
hypermilk,12,722,0,0,20180126
ippo,2,18,0,0,20120421
julius,0,822,0,0,19700101
kayocompose,12,238,3,1,20180810
kiito,0,412,0,0,19700101
kimono01,0,0,0,0,19700101
kochonoyume,12,14,1,0,20180729
syaoron,0,0,0,0,19700101
gigabyte,0,0,0,0,19700101
sunking,6,140,0,0,20141207
uggsince1974,12,6194,12,3,20180813
yagitee,12,775,0,0,20170723
ycn,0,57,0,0,19700101
hawaiian,0,182,0,0,19700101
jts,7,2724,0,0,20180511
leaaccessory,12,201,12,8,20180814
moisopo,0,0,0,0,19700101
miraq,4,4,0,0,20110610
nokemani,12,65,0,0,20180616
ntbls,0,9,0,0,19700101
anzunoki,0,0,0,0,19700101
asukashimada,0,35,0,0,19700101
mumumimi,0,0,0,0,19700101
nemuke0728,12,14,9,4,20180812
nonsolid,0,0,0,0,19700101
ode,7,203,0,0,20110202
pandaprint,0,376,0,0,19700101
petitetoile7,0,7,0,0,19700101
anncrea,12,409,12,2,20180808
weup,0,3743,0,0,19700101
senkawos,0,8,0,0,19700101
soleje,0,2,0,0,19700101
soulcolor,5,1,0,0,20120426
industrial,0,82,0,0,19700101
kyokonamba,0,35,0,0,19700101
lemagnolia,12,148,0,0,20170630
guipan,12,614,1,0,20180728
hitomi0612,0,23,0,0,19700101
jasminekids,12,1965,12,12,20180814
unprivate,9,52,0,0,20141210
vanillastore,12,36,0,0,20121015
femico,5,36,0,0,20170520
garapy,0,0,0,0,19700101
panchiifarm,12,520,12,9,20180814
epinerose,0,3,0,0,19700101
gracebright,12,353,1,0,20180724
oranget,0,62,0,0,19700101
senkamasu,7,38,0,0,20170622
blueroom115,12,339,1,1,20180810
hanamine,12,20,0,0,20120829
handmadesoap,2,198,0,0,20130116
iceya,0,491,0,0,19700101
kumako365,12,8363,7,2,20180809
lufmonet,12,262,0,0,20180708
matsura,0,48,0,0,19700101
crafter,0,0,0,0,19700101
cruxpark,12,782,12,3,20180814
cygnet,12,35,0,0,20180323
ptb,0,37,0,0,19700101
secondliving,4,46,0,0,20140920
mynameisnob,0,0,0,0,19700101
paxi,12,1666,9,4,20180813
onenation,12,910,12,5,20180814
thebeg,0,515,0,0,19700101
yesjaoui,12,277,6,3,20180811
bavoletful,12,138,1,0,20180722
bonbonhouse,12,39,0,0,20180627
fgstore,0,1,0,0,19700101
lilyhandmade,12,33,0,0,20160425
memetanclub,0,0,0,0,19700101
kirino,12,9,0,0,20120504
kokubuyurie,0,209,0,0,19700101
l2f,0,15,0,0,19700101
littleearth,0,1,0,0,19700101
raro3,2,7,0,0,20150124
cocott,12,232,4,2,20180812
gng,0,45,0,0,19700101
gooddeer,12,11,0,0,20180605
pagot,12,288,4,3,20180814
sevenstar,3,15,0,0,20101224
wtools,0,21,0,0,19700101
thefangs,0,0,0,0,19700101
lemius777,0,27,0,0,19700101
gwash,2,2,0,0,20111012
toantreri,12,1724,12,4,20180813
acala15,0,0,0,0,19700101
anchori,12,1725,1,0,20180726
epaulement,0,0,0,0,19700101
babyme,0,605,0,0,19700101
carrera,12,144705,12,3,20180812
curioshop,0,77,0,0,19700101
docan,0,10,0,0,19700101
fiorebianca,12,59,1,0,20180718
pienipuu,1,3,0,0,20141220
rangoli,0,8,0,0,19700101
kaleyde,0,339,0,0,19700101
loners1541,12,179,5,1,20180810
mgrize,2,94,0,0,20180216
mimia,0,51,0,0,19700101
mmb27,12,1366,3,0,20180723
studioshon,12,32,0,0,20180406
suiren,12,78,2,0,20180720
tokyohippie,12,2214,12,2,20180812
yoshino2nd,0,249,0,0,19700101
shyboy,12,619,12,3,20180813
serenomusic,12,321,0,0,20180517
ublucky,0,13,0,0,19700101
ymcshop,0,11,0,0,19700101
kittenori,6,32,0,0,20180521
yukoyokokawa,0,5,0,0,19700101
ecworld,4,137,0,0,20180705
kishitaku,0,1,0,0,19700101
shoppies,0,578,0,0,19700101
jouetfood,12,676,4,0,20180803
kumaya1997,12,85,5,1,20180807
lalaena,0,133,0,0,19700101
mamiine,0,0,0,0,19700101
monyochita,12,1781,12,5,20180814
203,0,383,0,0,19700101
amiki,12,16,0,0,20110315
bigdwarf,4,135,0,0,20171128
ccwonline,12,52,4,4,20180810
dcpinc,12,62,0,0,20180518
delamer,0,0,0,0,19700101
dokidokiclub,12,372,3,1,20180813
ayushop,0,0,0,0,19700101
bykou,12,165,0,0,20180706
ecogreen,0,468,0,0,19700101
romico,12,245,1,1,20180809
tanemaki8,12,180,12,3,20180814
marutashuho,12,429,12,3,20180814
mvk,12,1110,9,6,20180814
totostore,12,380,0,0,20140303
tvbee,0,8,0,0,19700101
uetakemina,0,1,0,0,19700101
zuisyou,0,0,0,0,19700101
pepepepapers,12,880,0,0,20170611
partybox,0,25,0,0,19700101
sakino,0,0,0,0,19700101
silverman,12,340,0,0,20170920
aloittaa,0,16,0,0,19700101
brklyn,12,573,7,2,20180814
mochi3,0,188,0,0,19700101
lecorail,12,941,0,0,20150816
parisienne17,1,31,0,0,20120811
pluswan,12,164,0,0,20180313
199bnf,12,1164,5,1,20180810
bonsaistore,0,1355,0,0,19700101
cotesunday,12,231,10,2,20180812
drammatico,0,0,0,0,19700101
esoracoffee,12,501,3,1,20180813
gosuikan,12,553,0,0,20180708
tripscoffee,0,47,0,0,19700101
ulalaka,0,181,0,0,19700101
wooh,0,19,0,0,19700101
zlib,12,302,0,0,20180426
4331,0,8,0,0,19700101
87toiro,12,350,12,0,20180807
sandykanako,0,314,0,0,19700101
eucharis,0,4,0,0,19700101
gyoi,0,0,0,0,19700101
hyacca,12,4,0,0,20131103
kanaekuma,0,19,0,0,19700101
stark2017,0,0,0,0,19700101
sunshineart,0,216,0,0,19700101
vconline,12,3118,12,4,20180814
winnerslab,0,0,0,0,19700101
youturn,1,0,0,0,20110818
luna614,0,1,0,0,19700101
mds2015,0,88,0,0,19700101
metro,12,31162,8,1,20180808
motherjuice,12,10675,12,5,20180814
anelaxx,0,295,0,0,19700101
beavertokyo,12,43,0,0,20180114
kukatachii,12,214,1,0,20180807
megupipi666,12,178,5,1,20180812
mimiu,0,61,0,0,19700101
qestwear,12,1783,1,0,20180716
bglbglbgl,0,0,0,0,19700101
bistrohym,12,239,4,0,20180805
msarc,0,27,0,0,19700101
rapirabi,0,1,0,0,19700101
reynetshop,12,187,0,0,20170626
yukoie,7,5,0,0,20130613
analogic,12,83,0,0,20180612
jlma,0,0,0,0,19700101
kagaribi,0,0,0,0,19700101
unityshop,9,0,0,0,20160209
rompgarden,12,581,0,0,20180306
soajazz,12,256,4,1,20180813
confeet,0,4439,0,0,19700101
cooruru,12,33,4,2,20180811
earthbound,1,27,0,0,20170729
tubaki1214,12,68,12,6,20180811
worldmark,0,1,0,0,19700101
yyjt,0,12,0,0,19700101
3question,0,3,0,0,19700101
hauoliart,0,0,0,0,19700101
despair,12,447,12,4,20180813
emimaro,1,0,0,0,20120410
fujewelry,12,71,0,0,20150513
garyu,0,5,0,0,19700101
mercideco,12,203,7,4,20180812
momorosset,1,5,0,0,20140119
minato55,12,162,0,0,20180612
nibi,3,473,0,0,20180603
bdash,2,8,0,0,20110226
pulehina,12,62,3,2,20180811
shimahachi,0,19,0,0,19700101
amsarecords,6,100,0,0,20180509
gumer,12,264,0,0,20180306
kanakanashop,0,0,0,0,19700101
seasonsheart,0,25,0,0,19700101
tgplanet,12,2187,0,0,20160415
jukebox1121,12,1826,12,12,20180814
kirakutei,12,22,1,0,20180723
laira,0,285,0,0,19700101
zuiu,3,28,0,0,20150430
dropper,0,52,0,0,19700101
kraby,0,74,0,0,19700101
yumiha,0,1,0,0,19700101
diamondmary,5,0,0,0,20130205
npa,12,53391,1,1,20180811
lionhouse,1,24,0,0,20110123
moeko,5,10,0,0,20110722
taneart,0,0,0,0,19700101
armedejet,12,25,0,0,20140726
chautesei,12,506,12,4,20180813
kintoto,12,15,0,0,20130609
viodure,0,0,0,0,19700101
kouso1,1,0,1,0,20180716
latinnotes,6,57,0,0,20151204
lafelicite,12,4,0,0,20130906
moyocco,0,198,0,0,19700101
myumy,5,2,0,0,20120905
lepido,0,17,0,0,19700101
masaishop,12,54,3,0,20180729
monfavori214,10,25,0,0,20180621
pesa,0,141,0,0,19700101
pretty390,0,1,0,0,19700101
shinagawa47,12,2,0,0,20120727
ecurie,0,17,0,0,19700101
elly5coco,12,43,0,0,20180420
esma1210,0,0,0,0,19700101
fukashigi,5,8,0,0,20180324
ek568,0,0,0,0,19700101
yurikostore,5,1,0,0,20141117
qtcraft,0,11,0,0,19700101
akiboo,0,9,0,0,19700101
storebeauty,0,2664,0,0,19700101
teddyworld,12,758,0,0,20130506
riekim,12,2708,12,4,20180813
ruanashop,12,53,0,0,20150520
shota2525,12,13,0,0,20130127
takeuchien,0,13,0,0,19700101
marinerouge,0,14,0,0,19700101
newcraft,0,34,0,0,19700101
nota,0,0,0,0,19700101
thunderlips,0,0,0,0,19700101
wataomo,12,449,2,1,20180811
infulence,0,3,0,0,19700101
alissa,0,3505,0,0,19700101
atlaspedal,12,135,10,5,20180814
atomamakids,12,151,3,1,20180809
ceres,12,1442,6,2,20180812
8birds,1,1,0,0,20130402
alice1012,6,9,0,0,20110111
morigoya,1,0,0,0,20121113
nikoya,1,3,0,0,20101019
citywedding,12,163,0,0,20121001
sanchafarm,12,193,12,3,20180814
socalworks,0,0,0,0,19700101
solanita,0,152,0,0,19700101
haginosioya,4,3,0,0,20170929
handmadeeee,0,34,0,0,19700101
shoprk,0,332,0,0,19700101
brillo,1,25,0,0,20110117
123mart,0,3,0,0,19700101
nyt,0,70,0,0,19700101
lommi,0,121,0,0,19700101
mitsuryo,0,11,0,0,19700101
mutsuya,0,94,0,0,19700101
nakanokana1,0,1,0,0,19700101
nicodojoshop,12,285,4,1,20180809
noteshop,12,14652,12,5,20180814
rochery,0,3,0,0,19700101
lastcall,12,276,0,0,20180303
monseul,0,2,0,0,19700101
akairo2go,0,0,0,0,19700101
apollokids,12,706,3,1,20180807
argyle,0,136,0,0,19700101
babainoki,12,122,6,4,20180812
fancybox,8,487,0,0,20130419
ninngen,0,9,0,0,19700101
pigmalian,1,4,0,0,20131019
unsou,0,0,0,0,19700101
yubinin10000,12,137,8,0,20180805
rubato,12,50,0,0,20160505
sai1027,0,494,0,0,19700101
shoichifukui,3,76,3,0,20180728
soilfarm,3,101,0,0,20151128
dayl,0,44,0,0,19700101
ichigoclub,12,174,0,0,20160103
kokokids,12,44617,12,12,20180814
sungoesdown,0,0,0,0,19700101
sympa,12,43,0,0,20160318
uriduri,0,4,0,0,19700101
wolvesandme,0,3,0,0,19700101
akikonbu,5,4,0,0,20120623
ahs,0,505,0,0,19700101
aipo22,3,6,0,0,20150718
atsuminouen,12,156,0,0,20171212
bandbshop,12,121,0,0,20120909
bloomstore,5,31,0,0,20130227
jiashop,1,1,0,0,20131028
kuma52,12,195,11,2,20180811
laufen,0,0,0,0,19700101
love15,4,14,0,0,20110608
morinooto,12,17,0,0,20160918
pgtech,3,2,0,0,20170314
pikkupollo,0,0,0,0,19700101
polivi,12,823,12,1,20180808
coolplants,0,2,0,0,19700101
emabelle,0,672,0,0,19700101
glo,0,4449,0,0,19700101
hapiraku,12,1089,0,0,20180531
alicedoll17,0,0,0,0,19700101
axiss,1,3,0,0,20120207
berrry,0,5,0,0,19700101
tech2,0,6,0,0,19700101
smashsmash,0,47,0,0,19700101
smdz,0,20,0,0,19700101
step2,0,31,0,0,19700101
naomishand,0,246,0,0,19700101
urizip,12,97,12,1,20180810
wagamamaya,0,31,0,0,19700101
hifshop,0,0,0,0,19700101
kazumasato,12,102,0,0,20180701
daisis,2,4,0,0,20140525
feltric,12,578,2,1,20180814
flyn,0,347,0,0,19700101
globalbb,12,0,0,0,20120508
foldingtable,0,0,0,0,19700101
forwind,0,4,0,0,19700101
greenthumb,0,120,0,0,19700101
kyokom,12,331,12,4,20180810
locodd,0,1,0,0,19700101
lovegreen,6,7,0,0,20130528
bunanoki,0,104,0,0,19700101
carina3,0,0,0,0,19700101
centergroup,12,356,0,0,20180705
kafeayam,12,119,12,2,20180812
masae,2,38,0,0,20101112
yunasana,0,2,0,0,19700101
shunya,12,107,0,0,20170127
heaven,4,752,4,1,20180811
hiccup,0,109,0,0,19700101
suuuuuuuu,0,66,0,0,19700101
tatsuya353,0,0,0,0,19700101
tear423,12,474,0,0,20170923
amourdete,5,1,0,0,20140318
barok,0,0,0,0,19700101
suzumura,0,6,0,0,19700101
tanakarenkon,12,1161,5,1,20180809
vektor,0,99,0,0,19700101
withit,12,53,0,0,20130925
yamaoto,12,128,1,0,20180729
tradgron,12,62,0,0,20180628
1dahlia1,0,55,0,0,19700101
naccio,4,88,0,0,20110725
reisann,0,0,0,0,19700101
psychofish,12,61,0,0,20151103
rebellious12,12,16,0,0,20121029
loveme7,6,2,0,0,20110910
matsucoco,0,0,0,0,19700101
denden,11,77,0,0,20120415
emikooocho,12,129,2,0,20180803
phosphorus,12,144,6,0,20180807
ange97,2,42,0,0,20120619
kicukou,0,492,0,0,19700101
saigetsu1225,12,1517,7,3,20180814
sasamikan,0,69,0,0,19700101
shiena,3,19,0,0,20120226
sweetheart0,12,113,0,0,20120229
shin12,3,134,0,0,20110515
gypsygirl,1,85,0,0,20150730
hachi88,12,11,0,0,20180327
bellcloset,12,253,0,0,20130309
akiblossom,0,54,0,0,19700101
analogmode,12,1958,1,1,20180812
akanerin,12,252,10,0,20180807
brilante,12,91,12,4,20180813
minwa,0,5,0,0,19700101
nyai,5,16098,0,0,20180623
ruchizen,12,41,0,0,20180709
sistermoon11,12,30,0,0,20140525
drawlife,12,455,0,0,20160221
fashionable3,0,90,0,0,19700101
sweet2015,4,7,0,0,20170219
umland,12,318,0,0,20180701
komekoji,2,0,0,0,20120514
kenscrystal,12,215,0,0,20180627
sunaobag,12,181,12,7,20180814
crazyquilt,12,141,0,0,20180713
enieni,12,88,0,0,20180619
kureon,0,20,0,0,19700101
matheruba,12,955,4,1,20180811
mochinoki,0,0,0,0,19700101
acat,5,31,0,0,20161023
afriend,0,503,0,0,19700101
aio1,12,40,0,0,20130305
carriecloset,12,14,0,0,20161108
chillax41,12,216,0,0,20180607
protocraft,2,0,0,0,20140213
na0ya,0,1,0,0,19700101
nrecords,1,3,0,0,20150108
pickycloset,12,11,0,0,20131108
poa,12,148,0,0,20101214
odafarm,0,100,0,0,19700101
hanatohana,1,0,0,0,20131021
hchou,0,78,0,0,19700101
inochikuwa,0,0,0,0,19700101
jsuppo,0,6,0,0,19700101
kollere,12,90,0,0,20180118
roki22,0,0,0,0,19700101
safeharbor,12,244,0,0,20180611
shokido,0,396,0,0,19700101
spsiva,4,433,0,0,20180604
suzisuzi,1,4,0,0,20110719
ciocajewelry,0,8,0,0,19700101
drinkme,12,83,0,0,20180331
earthistsjp,12,1123,9,1,20180808
emu5678,0,39,0,0,19700101
squadwords,0,17,0,0,19700101
totsugeki,7,0,0,0,20131107
tratre,0,131,0,0,19700101
veganmeat,0,0,0,0,19700101
vvav,0,204,0,0,19700101
tochisuke,0,163,0,0,19700101
westsurfco,0,0,0,0,19700101
yworld,0,7,0,0,19700101
himerhythm,0,0,0,0,19700101
hisokka,12,13,0,0,20131127
jomonzine,12,907,12,3,20180808
kaarii,2,10,0,0,20110417
key137,0,0,0,0,19700101
kisyutenugui,1,71,0,0,20170526
kitonly,0,47,0,0,19700101
kokopelli,0,1,0,0,19700101
isely,0,204,0,0,19700101
itslit,0,621,0,0,19700101
kopiyo,0,254,0,0,19700101
mway,0,12,0,0,19700101
outtokyo,0,62,0,0,19700101
papierplatz,0,165,0,0,19700101
patchouli,0,25,0,0,19700101
polico,0,3,0,0,19700101
rebelmusical,12,579,6,1,20180809
magic1204,1,17,0,0,20130521
mbijou,0,72,0,0,19700101
melomelon,12,2,0,0,20110811
miyaco,12,63,1,1,20180810
choukoku,0,2,0,0,19700101
dragonshop,0,71,0,0,19700101
dynoco,3,7,0,0,20121222
egaonshop,0,20,0,0,19700101
elephantmu,12,38,0,0,20171127
glitterk,0,33,0,0,19700101
oyamaseicha,12,251,0,0,20180612
poidance,0,0,0,0,19700101
reussirco,0,0,0,0,19700101
shamanshop,12,216,0,0,20160718
arp02,0,2,0,0,19700101
chikkyknit,12,1162,12,7,20180813
churahime,0,0,0,0,19700101
123aiueo,0,1,0,0,19700101
1ca,0,11,0,0,19700101
afp,1,13,1,0,20180803
alohaoi,0,5,0,0,19700101
asuuu,0,41,0,0,19700101
bluehawaii,12,12,0,0,20180713
brtart,12,274,3,1,20180814
tonatona,1,18,0,0,20110320
twee,12,3028,0,0,20170807
utik,12,190,0,0,20170721
wangan,0,5,0,0,19700101
yuuki118,0,0,0,0,19700101
zederna,12,138,6,0,20180803
linoanela,0,2,0,0,19700101
loveitmaria,0,51,0,0,19700101
lucy0401,0,73,0,0,19700101
millis,1,18,0,0,20110201
hacikuru,0,99,0,0,19700101
hanascoffee,12,171,5,2,20180813
heroescoffee,12,1012,2,0,20180731
inokuchi,12,21,1,0,20180727
equalize,0,8,0,0,19700101
ctct,3,67,0,0,20140919
etoirina,12,260,3,1,20180813
agcstyle,12,1,0,0,20160621
amibelle,12,1130,12,8,20180814
krkr1211,0,0,0,0,19700101
londel,0,161,0,0,19700101
max0449,0,0,0,0,19700101
mipoundtokyo,0,0,0,0,19700101
islandent,0,0,0,0,19700101
jnstyle,0,1,0,0,19700101
kitano,0,19,0,0,19700101
kutuya,1,1,0,0,20121022
moreteavicar,0,365,0,0,19700101
nagaiyume,0,5,0,0,19700101
relaxcoffee,4,0,0,0,20131016
ricostore,0,16,0,0,19700101
soinarya,12,533,12,8,20180813
cococbaby,0,0,0,0,19700101
tarzankick,12,2548,12,4,20180813
tinystarshop,4,1,0,0,20171206
toshimach,10,92,2,0,20180729
urbansafari,0,0,0,0,19700101
roadtrip,12,1369,0,0,20180423
satonaka,12,52,1,0,20180720
sunnytree,0,3,0,0,19700101
suznari,0,237,0,0,19700101
taharaham,0,19,0,0,19700101
taikitmnl,12,2096,4,1,20180814
10square,0,37,0,0,19700101
iolite,0,55,0,0,19700101
jimoto,1,0,0,0,20111213
maisakata,0,22,0,0,19700101
mamina,0,35,0,0,19700101
moon33,0,10,0,0,19700101
odette,0,345,0,0,19700101
mighty2017,0,28,0,0,19700101
lore1,12,1211,5,1,20180813
maru0621,0,194,0,0,19700101
drtanaka,12,167,12,7,20180814
fqtq,12,681,12,5,20180812
bibish,0,24,0,0,19700101
hokusei,2,21,0,0,20120103
nailjewelry,1,24,0,0,20150306
nozashop,11,1,0,0,20151222
oym,0,0,0,0,19700101
powercrystal,0,0,0,0,19700101
shulys,0,644,0,0,19700101
taikojapan,0,16,0,0,19700101
chawaten,0,85,0,0,19700101
elephan,2,5,0,0,20110128
fuckgnsd,12,144,4,1,20180813
thai2018,0,0,0,0,19700101
uniques,1,13,0,0,20110602
aomua,0,0,0,0,19700101
blueglue,0,0,0,0,19700101
bwd,0,24,0,0,19700101
kissmehugme,0,1,0,0,19700101
lovefactory,12,786,4,0,20180731
lunagleam,12,223,9,3,20180810
meanclothing,0,1,0,0,19700101
mignonshop,12,3718,0,0,20170524
mojobeatnik,12,265,1,0,20180722
maronstyle,12,235,8,3,20180813
noya3806,12,1160,12,7,20180814
paxii,8,161,0,0,20140425
sapotto,12,13,0,0,20121229
cinderellass,12,54,0,0,20151231
geminicd,1,0,0,0,20130525
blissteen,12,622,12,7,20180814
vermillon,12,5,0,0,20120301
yodarekake,0,0,0,0,19700101
ocsa,0,125,0,0,19700101
pinkyberry,0,28,0,0,19700101
rainbow9999,0,0,0,0,19700101
huit88,12,12,3,1,20180812
konbukun,3,10,0,0,20151004
supogari,0,2,0,0,19700101
earthplus,12,804,0,0,20171117
espoir2018,0,0,0,0,19700101
cissy,3,33,0,0,20101213
dresspink,0,25,0,0,19700101
dstart,12,52,0,0,20120730
eikoh,5,4,0,0,20120626
evokebeauty,0,1,0,0,19700101
gorizshop,12,901,10,1,20180812
idumiame,10,47,0,0,20161203
scapegoat,12,893,1,0,20180720
kozobutu,12,54,2,0,20180804
mikazone,0,137,0,0,19700101
madras,0,0,0,0,19700101
nozomicom,12,2,0,0,20121114
tabooshop,12,72,0,0,20120705
toa11,12,20,0,0,20121230
troissirop,12,501,10,7,20180814
yonzy,0,66,0,0,19700101
hideaki,12,36,0,0,20130509
rabuka,12,276,12,4,20180810
nakayukui,12,107,2,0,20180802
p72,0,1,0,0,19700101
qooga,0,224,0,0,19700101
monary,2,11,0,0,20111126
hgl,0,17,0,0,19700101
kira2peach,0,0,0,0,19700101
dazzle,0,162,0,0,19700101
freeway,0,21,0,0,19700101
shoesa,0,6,0,0,19700101
110aika110,12,92,3,0,20180804
247market,12,75,0,0,20160416
akirakira,12,2,0,0,20110118
bullbones,12,186,0,0,20180515
richpeace,12,123,2,1,20180809
riyo,0,254,0,0,19700101
takakukei,0,0,0,0,19700101
tangle,0,136,0,0,19700101
naganao,0,69,0,0,19700101
vedalanka,12,1174,2,2,20180808
withweed,3,35,0,0,20161115
17simpleplus,12,74,9,4,20180813
applepeach,0,1,0,0,19700101
allyocchan,0,2,0,0,19700101
andgraphics,12,532,2,1,20180812
aranciarossa,12,200,3,0,20180726
cherielove,0,373,0,0,19700101
alohaco,12,152,12,4,20180813
amyurr,0,0,0,0,19700101
asayoru,0,4,0,0,19700101
ayarium,0,8,0,0,19700101
bonjin,3,146,0,0,20170224
iinebukuro,12,45,0,0,20180606
kamnabi,12,195,11,1,20180811
mraccessory,0,1,0,0,19700101
neiyou,0,1,0,0,19700101
nekonome,12,69,0,0,20170509
nfmusic,12,290,0,0,20120906
nuiten,2,41,0,0,20150326
prehappy,0,1,0,0,19700101
presentsty,12,184,0,0,20180709
prettythings,0,1,0,0,19700101
ktfk,2,4,0,0,20110819
kua,0,0,0,0,19700101
lazotorico,12,129,12,6,20180813
lokostone,3,24,0,0,20150727
rakuzen,6,74,0,0,20120329
rire0929,12,1395,12,12,20180814
rucomira,0,25,0,0,19700101
russ,12,1858700,12,5,20180814
secondrate,0,0,0,0,19700101
shamirajapan,12,156,2,0,20180717
chouchoute,6,7,0,0,20150801
comasaya,0,5,0,0,19700101
fio8,0,777,0,0,19700101
flower123,2,105,0,0,20110317
goodmood,12,168,12,3,20180813
goldenwool,1,15,0,0,20120815
tsuyahada,12,85,2,0,20180725
uminoue,12,3,0,0,20151116
vingttrois,0,39,0,0,19700101
wwaw,0,4,0,0,19700101
zumatyp,12,228,2,1,20180809
shininggirl,0,584,0,0,19700101
sojourney,0,361,0,0,19700101
sunflow,0,80,0,0,19700101
takeuchiss,12,4949,12,3,20180810
halkanature,12,72,7,3,20180810
hanahand,7,17,0,0,20170527
hmhm,12,47,0,0,20101217
ishigakilove,0,1,0,0,19700101
kmli,0,1,0,0,19700101
teamrep,0,0,0,0,19700101
lydshop,0,1,0,0,19700101
miiiuh,0,713,0,0,19700101
minamishop,0,2163,0,0,19700101
minksdesign,12,56,2,0,20180727
momopi,2,1,0,0,20110116
nkagri,12,104,1,1,20180808
ohyen,12,281,5,2,20180811
m0115,0,248,0,0,19700101
mcxomelia,12,81,0,0,20170915
naturalb,0,120,0,0,19700101
chau3,0,1,0,0,19700101
chiomade,1,15,0,0,20161120
hirostyle,9,4,0,0,20101115
kplusoi,12,153,12,4,20180814
akami39,0,227,0,0,19700101
antitese,0,7,0,0,19700101
babylonzoo,0,190,0,0,19700101
bodysong,12,1892,12,2,20180811
cazaru,0,214,0,0,19700101
charllote,7,22,0,0,20111101
sankyocloud,12,823,0,0,20180521
siroca,0,142,0,0,19700101
msmstore,0,190,0,0,19700101
nakazaki,0,16,0,0,19700101
onara199x,12,160,1,0,20180715
popolo,0,30,0,0,19700101
pororoca,4,4,0,0,20110115
littletwins,0,3,0,0,19700101
miemie,3,54,0,0,20101205
mkrpso,12,210,6,0,20180807
monowrap,12,253,0,0,20180506
standards,0,5,0,0,19700101
tandress,0,0,0,0,19700101
ydw,12,418,2,0,20180805
skuro,12,907,0,0,20180714
tanada,0,0,0,0,19700101
threefish,0,0,0,0,19700101
dolly666,1,2,0,0,20101121
flowertease,2,33,0,0,20151023
fstyle0707,12,791,9,2,20180813
genmei,12,64,0,0,20111002
gsahida,0,71,0,0,19700101
tokumitsuya,0,33,0,0,19700101
uogashibanya,12,59,0,0,20180314
wayadagane,0,35,0,0,19700101
wedy,0,2,0,0,19700101
whaanau,3,91,0,0,20170720
wtpmjgda0175,12,690,12,3,20180812
xeno,12,369,6,3,20180808
hirunemade,12,145,1,0,20180722
hox,0,0,0,0,19700101
ikiya,10,6,0,0,20120422
kanno,12,143,10,0,20180807
grange,12,8061,7,0,20180806
nipponichi,4,2,0,0,20120313
inochinoki,0,53,0,0,19700101
keizu,12,137,2,0,20180716
kiichan,0,0,0,0,19700101
kijian,4,45,0,0,20180525
kuschel777,2,23,0,0,20180708
litlit,12,169,4,2,20180809
littleposh,0,0,0,0,19700101
matsup,0,316,0,0,19700101
naruse,1,14,0,0,20101225
nifu,0,10,0,0,19700101
chibaraki,0,21,0,0,19700101
cocoroom,2,4,0,0,20120618
espressivo,0,0,0,0,19700101
orlabel,0,46,0,0,19700101
plest,2,1,0,0,20160403
saccoandsnow,12,1948,3,0,20180727
sasaizumi,0,1,0,0,19700101
airguitar,12,514,3,0,20180726
ajianlucu,12,628,12,7,20180814
bikepal,12,112,0,0,20161018
10fit,0,1,0,0,19700101
6backwoods,12,156,3,0,20180723
ambitious17,0,15,0,0,19700101
herbroomleaf,12,311,9,1,20180814
higuchino,0,0,0,0,19700101
honori,0,9,0,0,19700101
robs099,12,311,2,0,20180719
roseqeen,12,589,0,0,20160718
saihokuzakka,12,1107,9,3,20180814
sproutstore,12,54,0,0,20170424
stonestudio,12,754,5,1,20180812
littlegumi,6,4,0,0,20121001
mimpiindah,0,14,0,0,19700101
stellabg,0,0,0,0,19700101
suhada,0,331,0,0,19700101
sun2016,0,2,0,0,19700101
sylphya,0,1,0,0,19700101
tsujigiri,6,10,0,0,20150617
wintervisit,2,3,0,0,20160829
tsuchiasobu,0,2,0,0,19700101
wdny,0,164,0,0,19700101
eagle71,0,10,0,0,19700101
fangelique,1,0,0,0,20120531
flyaf,0,13,0,0,19700101
hayamomo,0,0,0,0,19700101
clarica,0,329,0,0,19700101
cocoa31,0,10,0,0,19700101
dubmetender,0,1,0,0,19700101
easysqueeze,0,0,0,0,19700101
eifu,0,3,0,0,19700101
etoile01,0,1,0,0,19700101
fonq,12,474,1,0,20180729
fuziko,0,0,0,0,19700101
bruce2nd,0,2,0,0,19700101
yumemadoka,0,0,0,0,19700101
bienmore,12,1137,12,12,20180813
blessingst,0,0,0,0,19700101
npark,0,371,0,0,19700101
piari,12,6,0,0,20180212
ritaromi,9,49,0,0,20170101
shungorou,0,0,0,0,19700101
liliana0922,0,54,0,0,19700101
lilyno,0,8,0,0,19700101
marinmarin,0,329,0,0,19700101
masaharu999,0,0,0,0,19700101
moroi,0,0,0,0,19700101
nagomizu,12,636,0,0,20180702
chiyano,1,0,0,0,20130807
dailyuse,0,1,0,0,19700101
dedeesse,2,1,0,0,20110225
eightbitter,0,2,0,0,19700101
funkorogashi,0,0,0,0,19700101
gg9,0,2425,0,0,19700101
yooks,0,0,0,0,19700101
5150products,12,142,0,0,20180413
ribm,0,0,0,0,19700101
rufhair,12,538,0,0,20171230
shungiku,0,3280,0,0,19700101
soisoi,1,11,0,0,20101101
themanray,0,205,0,0,19700101
alohamoani,12,3168,8,4,20180812
beijar,0,106,0,0,19700101
buburchacha,0,10,0,0,19700101
hanat,1,26,0,0,20180419
i23,12,47277,0,0,20180630
vegetation,0,4,0,0,19700101
kslasht,12,17,0,0,20180712
kurematsu,0,0,0,0,19700101
loophr,1,497,0,0,20160916
mamatoissyo,12,723,12,12,20180814
mirumo,0,3,0,0,19700101
moekasu,0,72,0,0,19700101
labussola,12,181,0,0,20151006
lightanddark,0,46,0,0,19700101
marupon,12,76,12,2,20180813
maruyamamoto,0,10,0,0,19700101
lilaslilas,12,177,0,0,20171015
mirika,12,14,0,0,20120928
misuhei,0,67,0,0,19700101
ogres,4,7,0,0,20140703
inumagazine,12,284,0,0,20160513
iplikana,12,1006,12,6,20180812
lfd,12,89,0,0,20180607
dicktogo,12,1973,4,0,20180805
drole,0,386,0,0,19700101
handmaderose,8,19,0,0,20131220
aether,12,4914,0,0,20150902
ahplus,0,76,0,0,19700101
aliemare,0,2,0,0,19700101
anela777,0,7,0,0,19700101
bambooeight,0,19,0,0,19700101
baubau,0,1,0,0,19700101
shintanaka,0,3,0,0,19700101
neomars,12,26,12,4,20180811
nonamerecord,0,0,0,0,19700101
okaarina,12,140,2,1,20180813
petitkano,12,92,2,1,20180810
toripura,0,63,0,0,19700101
waiesu,0,0,0,0,19700101
yonmaru,12,75,0,0,20180429
sunagokeya,12,378,1,1,20180814
tctc,7,3,0,0,20121127
chelish,1,6,0,0,20120514
clovercoffee,0,124,0,0,19700101
tickledpink,0,8,0,0,19700101
tropical,12,510,0,0,20121015
yokooga,12,68,0,0,20180531
gtools,12,10,0,0,20160602
haphington,12,201,6,6,20180810
hotchkiss,12,252,5,1,20180813
kagero,0,30,0,0,19700101
3kids685,12,131,5,1,20180808
bodaijyu,0,0,0,0,19700101
abendrot,0,1,0,0,19700101
amilatte,0,4,0,0,19700101
aomoriringo,12,102,0,0,20180603
behappystore,0,1,0,0,19700101
jflag,12,0,0,0,20120617
kyo,12,2935,1,1,20180811
labzero,0,2093,0,0,19700101
merveille95,12,175,0,0,20180705
mkbrand,12,1542,10,1,20180811
normcores,8,1,0,0,20141201
rocknroller,0,0,0,0,19700101
adupretokyo,12,1038,3,2,20180813
asgrow148,12,778,2,1,20180812
at123,0,6,0,0,19700101
beachflap,12,390,12,6,20180814
bowljuice,12,658,2,1,20180811
cadetto,12,144,3,1,20180814
higurahiguri,12,103,2,0,20180724
kokeco,12,231,9,3,20180814
smpea,0,0,0,0,19700101
sweetbijoux,12,4413,12,4,20180813
taidou,1,0,0,0,20110208
nowi,0,113,0,0,19700101
pamco,0,303,0,0,19700101
yabnao,12,189,12,6,20180813
crosstail,12,165,5,0,20180803
clarashop,1,9,0,0,20120824
fudeichiba,12,88,4,0,20180731
cinamon,12,118,0,0,20130120
henriette,0,0,0,0,19700101
kantens,0,15,0,0,19700101
kshiraishi,0,2,0,0,19700101
mintia,1,3,0,0,20101109
noncommittal,0,2,0,0,19700101
nyepiworks,1,10,0,0,20160513
timothy,0,1893,0,0,19700101
twinsjapan,12,26,0,0,20180605
underthesea3,12,38,0,0,20120910
vanillachair,12,336,9,2,20180811
whimsi,0,1,0,0,19700101
yuiss,12,21,0,0,20120921
theohaze,0,0,0,0,19700101
barbars,0,3,0,0,19700101
belladonna3,0,1,0,0,19700101
teens88,0,0,0,0,19700101
whey,10,53,0,0,20110625
msnoise,0,0,0,0,19700101
norakura,12,7,0,0,20170805
raimusu,12,479,11,5,20180812
lauleamakana,12,95,0,0,20161120
maedamai,0,35,0,0,19700101
mangwear,0,121,0,0,19700101
kamomesha,12,1885,8,3,20180811
kantaland,12,10754,1,0,20180806
floralia,0,117,0,0,19700101
faj,0,327,0,0,19700101
hana8usagi,12,354,3,2,20180812
hapiho,0,0,0,0,19700101
ootd,12,25677,0,0,20180528
orgasmicbj,0,0,0,0,19700101
reel,12,196187,9,7,20180814
siameseshop,7,14,0,0,20121025
aprilfools41,12,132,0,0,20180511
atpj,0,8,0,0,19700101
bs9a,3,19,0,0,20130719
encyoku,12,1573,11,2,20180814
tgod,0,534,0,0,19700101
urushi610,12,760,12,9,20180814
wakaranai,1,0,0,0,20110513
somatamboart,12,382,12,10,20180814
tagamiz,12,326,1,0,20180730
list00,0,0,0,0,19700101
mellowmarrow,1,2,0,0,20180602
noriudon,0,7,0,0,19700101
wglab,12,117,0,0,20180621
kknk2017,0,0,0,0,19700101
chaosmarket,0,2,0,0,19700101
aizome,0,5,0,0,19700101
armadillo,12,546,12,0,20180807
bariki,0,10,0,0,19700101
centofiori,0,45,0,0,19700101
chouchoushop,12,11,0,0,20160314
aflien,12,145,0,0,20160518
anuenue70,12,4226,12,7,20180814
aromaticus,1,18,0,0,20151215
artto,2,7,0,0,20110105
awajisan,12,99,0,0,20150924
chakimama,0,1,0,0,19700101
hitsujiseika,2,0,0,0,20150530
ilta,0,8,0,0,19700101
munpa,0,76,0,0,19700101
nanacrystal,0,35,0,0,19700101
naotadachi,12,3267,12,3,20180812
niji16,0,196,0,0,19700101
nitroash,0,41,0,0,19700101
ohana8787,12,65,8,5,20180812
lily2018,12,4,0,0,20120618
magokorogift,12,824,11,3,20180811
midorimart,5,0,0,0,20140515
petitdeco,4,29,0,0,20121009
pocheya,2,4,0,0,20140815
pokeshop,2,6,0,0,20130702
shibejapan,12,118,0,0,20180704
sisterbear,0,273,0,0,19700101
eightwasp,12,25,0,0,20171204
ekorita,0,381,0,0,19700101
gingerarts,0,132,0,0,19700101
etoie,0,2,0,0,19700101
hamadaippei,12,717,12,8,20180814
happyandsad,12,252,0,0,20180525
hikarimegane,12,97,0,0,20171117
hum2,0,0,0,0,19700101
kmdev,0,165,0,0,19700101
scord,12,370,0,0,20170521
shiningsun,12,1,0,0,20110714
shop,0,12819,0,0,19700101
soushikan,0,0,0,0,19700101
supsale,5,605,0,0,20180620
yukimushroom,0,0,0,0,19700101
yoshimoku,0,0,0,0,19700101
vegilin,1,0,0,0,20161227
yadukimaru,9,29,0,0,20180118
yayopontan,12,133,6,2,20180810
24fragrance,12,8122,5,2,20180813
madhuri,0,620,0,0,19700101
noroshi,12,196,9,2,20180813
lottagreen,12,135,2,1,20180810
lovecreate,1,0,0,0,20121231
nhfriends,0,27,0,0,19700101
concon,12,133,5,0,20180725
customplate,12,1,0,0,20120821
etdoll,9,140,0,0,20170303
frorogn0819,12,308,12,7,20180813
glamacce,0,264,0,0,19700101
hikarinoniwa,1,0,0,0,20151012
hoverboard,12,1076,0,0,20160819
jpherb,3,1,0,0,20120920
kandimart,0,296,0,0,19700101
airans,12,113,0,0,20120313
chatea,0,12,0,0,19700101
amakusanta,12,573,0,0,20180610
arknova,1,28,0,0,20140629
babycocoon,12,223167,12,12,20180814
bische,0,109,0,0,19700101
brandonlines,12,396,0,0,20170925
salonleaf,12,1014,0,0,20180202
negiamicco,12,758,12,3,20180813
obata,2,17,0,0,20101123
ota28,0,2,0,0,19700101
penmode,12,91,0,0,20170324
lefua,0,10,0,0,19700101
makana365,12,85,0,0,20180702
minorushi,0,1,0,0,19700101
momodoro3,0,0,0,0,19700101
tim,12,10756,4,2,20180814
tone2,0,4,0,0,19700101
totonoi,12,13,0,0,20120719
suomishop,12,39,0,0,20170117
cojun,1,4,0,0,20111105
crude,12,863,0,0,20150930
elisa,12,10078,12,4,20180813
ellede,0,0,0,0,19700101
hananoi,0,129,0,0,19700101
healershin,10,166,0,0,20170501
hassyadai,12,1883,1,0,20180720
hayashimura,2,130,0,0,20150628
humandrive,10,83,0,0,20160619
jyanome,0,349,0,0,19700101
stand2017,0,1,0,0,19700101
syonsyon,12,170,5,0,20180804
youyou2016,0,1,0,0,19700101
mooonmade,12,346,0,0,20180622
mukougawa,0,0,0,0,19700101
nailcure,0,25,0,0,19700101
noute,0,98,0,0,19700101
nwithm,12,238,11,1,20180812
ponpongashi,12,357,1,1,20180813
hikosen,7,10,0,0,20110815
iz2,0,36,0,0,19700101
jamie1112,0,68,0,0,19700101
jsd,0,0,0,0,19700101
kamesuke,12,21,0,0,20140114
keysweet,0,621,0,0,19700101
lelien11,0,49,0,0,19700101
lifepleasant,0,5,0,0,19700101
mgmggang,0,0,0,0,19700101
momoglass,0,0,0,0,19700101
oldmagazine,12,95,0,0,20180330
coconcocon,0,0,0,0,19700101
daikonya,0,0,0,0,19700101
penrec,0,24,0,0,19700101
plusterra,12,501,0,0,20180625
sfy2017,0,7,0,0,19700101
akayama,12,0,0,0,20110416
bureikou,0,0,0,0,19700101
amorphous1,0,292,0,0,19700101
anela00,0,0,0,0,19700101
bahnabeer,12,85,4,0,20180804
barberia,0,928,0,0,19700101
tantoro,0,1,0,0,19700101
todo1010,12,58,3,0,20180804
rocca30,12,4,0,0,20120613
longtrip,12,5,0,0,20120618
lovelycute,12,1529,12,2,20180814
mimidesu,0,4,0,0,19700101
minttea,12,43,0,0,20170415
tsbrand,0,17,0,0,19700101
unil,0,45,0,0,19700101
unripe,0,18,0,0,19700101
yokokomatsu,12,5,0,0,20130328
hayabolt,12,54,5,0,20180806
honeyhonesty,0,97,0,0,19700101
horigo,12,1767,6,1,20180810
hoshinouta,0,3,0,0,19700101
iiino,1,7,0,0,20120429
kinacoxemio,12,970,12,3,20180814
dajey,12,141,6,0,20180730
dimply,0,10,0,0,19700101
deckshoes,12,532,1,1,20180811
flak,12,6765,8,2,20180811
gaio,12,578,2,2,20180812
greenjunon,12,134,2,0,20180805
aoh,12,908,9,1,20180814
astrocrystal,0,750,0,0,19700101
blancheur,0,2,0,0,19700101
borsaio,12,132,4,1,20180811
jolieespoir,12,544,7,1,20180814
kazuuumaaaa,1,1,0,0,20180526
kenchanfarm,12,1303,6,2,20180814
attiy,0,22,0,0,19700101
naturals,2,29,0,0,20110612
pelicangoods,0,0,0,0,19700101
popoq,1,0,0,0,20120225
ryokuen,0,2,0,0,19700101
saredocoffee,12,1418,12,4,20180813
mayumi210,0,0,0,0,19700101
moritoumi,12,54,6,0,20180805
neleven,0,0,0,0,19700101
cissylady,0,0,0,0,19700101
delmarbmx,12,375,1,0,20180731
dissappeared,0,0,0,0,19700101
ecotta,4,2,0,0,20101123
emable,0,1,0,0,19700101
greecelove,0,0,0,0,19700101
gregra,12,53,0,0,20130722
knowstar1,0,55,0,0,19700101
ruedeb,12,6,0,0,20140315
seagulls0619,12,41,4,0,20180804
serendipity7,0,0,0,0,19700101
sifir,0,96,0,0,19700101
sweetgarden,12,23,0,0,20120412
terrain,0,114,0,0,19700101
amegoo,3,11,0,0,20110804
belleplume,0,0,0,0,19700101
blueswallow,0,1,0,0,19700101
sundays23,0,0,0,0,19700101
uchy,0,0,0,0,19700101
uyax,0,45,0,0,19700101
tomoyanakai,4,39,0,0,20180401
tyhoon,0,3,0,0,19700101
wehilaniii,12,597,6,0,20180722
www2012,0,2,0,0,19700101
xxx0818,8,19,0,0,20130818
yosshi007,12,2501,12,2,20180813
ladyfashions,0,611,0,0,19700101
lickdown,0,0,0,0,19700101
linopink,12,302,0,0,20150526
mariaat,1,62,0,0,20150623
mikant,2,2,0,0,20150808
mayuma,3,5,0,0,20110513
medaiya,12,81,1,0,20180727
mielcoco,0,17,0,0,19700101
luxurystyle,12,90,0,0,20120512
mamnick,12,8087,12,12,20180814
marktonight,0,858,0,0,19700101
mss,1,1474,0,0,20140712
muselect,10,8,0,0,20160321
honey3,0,2,0,0,19700101
fertz,12,36,0,0,20120111
gimlet,0,1,0,0,19700101
goldstore,0,145,0,0,19700101
awihi,2,167,0,0,20170802
picofficial,0,1,0,0,19700101
pinkreligion,12,375,0,0,20161221
sakuto0430,7,371,1,0,20180806
satoyou,0,0,0,0,19700101
yumedeaetara,0,2,0,0,19700101
ryo728,0,1,0,0,19700101
obm,12,796,7,0,20180721
rakthai,4,4,0,0,20110324
tsurugaku,12,111,0,0,20180710
wifeandlife,12,745,7,2,20180811
yoshimochi,0,30,0,0,19700101
1504,0,31,0,0,19700101
1955kaz,1,47,0,0,20171201
seoulzakka,3,1,0,0,20170917
tamori,2,15,0,0,20101107
enkifashion,12,198,0,0,20170330
gekitak,12,700,12,5,20180813
heroesmania,12,225,12,5,20180814
izumimami,12,34,0,0,20180705
konoha06,0,0,0,0,19700101
taj,12,3668,0,0,20180713
tandl,0,18,0,0,19700101
amaashi,0,0,0,0,19700101
madsport,0,0,0,0,19700101
meao0o,0,10,0,0,19700101
megg,12,627,1,0,20180727
mooii,12,29,0,0,20130909
luberon,12,1003,12,7,20180814
nanairomoon,0,0,0,0,19700101
noiva,0,0,0,0,19700101
one01,1,57,0,0,20120215
secondisco,12,482,9,5,20180813
datadigital,3,3,0,0,20180119
eden,12,42870,12,7,20180812
harmony8,0,0,0,0,19700101
almondo,0,50,0,0,19700101
alwayssea,12,182,0,0,20180708
area54,0,28,0,0,19700101
tricoter,0,30,0,0,19700101
workbench,12,719,0,0,20180606
yjackson,4,11,0,0,20160417
syn2sasa,12,38,1,0,20180727
oceanholiday,1,4,0,0,20180210
unomori,11,4,0,0,20140210
varm,12,23,0,0,20110424
kawaiisexy,0,3,0,0,19700101
choco1120,10,821,0,0,20170430
coconekono,3,1,0,0,20140816
dodoofficial,12,15353,7,0,20180804
face,0,4108,0,0,19700101
circa,12,566,6,2,20180809
cutetreasure,12,122,12,3,20180813
denshoku,12,527,12,7,20180814
earth88,0,30,0,0,19700101
ferry,12,2361,1,0,20180722
fightselect,0,0,0,0,19700101
fleuris,0,2,0,0,19700101
hanatama,12,6,0,0,20161226
hbp,0,394,0,0,19700101
kajulab,0,126,0,0,19700101
kumaigoro,12,4895,12,4,20180810
kuraya,0,1,0,0,19700101
lander,12,9984,4,1,20180808
ai8033,0,0,0,0,19700101
akanesas,12,38,9,4,20180810
belinda15,7,78,0,0,20170304
bousb,0,2,0,0,19700101
nachonal,12,17124,6,0,20180802
pucapuca,0,4,0,0,19700101
sumaitak,0,1192,0,0,19700101
oleguapa,0,3,0,0,19700101
saorimurao,0,21,0,0,19700101
smileyedge,12,132,5,2,20180810
leatherheart,12,2618,12,5,20180814
libroria,0,4,0,0,19700101
malucca,0,20,0,0,19700101
maya911,12,309,3,1,20180810
melodytokyo,0,31,0,0,19700101
mononokira,12,98,1,0,20180722
mia12,0,139,0,0,19700101
motherbon,0,3,0,0,19700101
nanamua,12,1604,11,4,20180814
nstyle,0,728,0,0,19700101
hellobiscuit,0,291,0,0,19700101
ishiyamacha,12,270,0,0,20180701
jennydesse,0,0,0,0,19700101
scintillant,0,1,0,0,19700101
shoplelien,12,132,0,0,20171020
solmarket,12,86,0,0,20180310
spadina,0,94,0,0,19700101
teff,0,15064,0,0,19700101
theflorist,12,1281,0,0,20141006
aminomania,0,405,0,0,19700101
anoa,0,0,0,0,19700101
anutrof,0,43,0,0,19700101
atelier307,12,405,12,2,20180811
bontique,0,97,0,0,19700101
cereal,12,46204,11,4,20180814
chaaami17,0,0,0,0,19700101
chanpt,12,65,0,0,20140503
tennis99,0,0,0,0,19700101
veicar,0,43,0,0,19700101
wadeli,0,10,0,0,19700101
xplane,3,31,0,0,20120312
tlibrary,0,0,0,0,19700101
tomsan,12,210,0,0,20180710
tropicana,12,11281,0,0,20180427
un1840,0,1,0,0,19700101
uroco,0,103,0,0,19700101
woocha,0,94,0,0,19700101
zym,0,21,0,0,19700101
nakatore,0,1,0,0,19700101
nekofan,1,3,1,0,20180719
nicod,12,342,0,0,20180714
prosper,12,127,0,0,20110623
rhy,0,14,0,0,19700101
myfavand,12,22,0,0,20171227
persica,0,5,0,0,19700101
akane15,0,0,0,0,19700101
allgood,12,191,0,0,20150124
aronhulu,0,3,0,0,19700101
arun,12,1044,0,0,20180610
asanokajiya,12,301,0,0,20180630
blkox,12,15,0,0,20170928
bonami,0,0,0,0,19700101
brinq,0,2,0,0,19700101
catcake,1,73,0,0,20140907
celery,0,5,0,0,19700101
chezmoi,0,4,0,0,19700101
chocos,0,447,0,0,19700101
hibina,0,7,0,0,19700101
himeta,12,448,3,2,20180812
kingnet,0,1,0,0,19700101
littlefuture,12,246,1,0,20180715
miltia,4,1,0,0,20120105
projectfocus,1,60,0,0,20120429
283pc,5,2,0,0,20171016
3kkj,4,1443,0,0,20180427
agelessgoods,0,4,0,0,19700101
ajidesign,12,7079,10,1,20180809
arrystyle,0,7,0,0,19700101
babyclothes,12,487,0,0,20141108
bbloom,1,2,0,0,20150124
brezza,0,0,0,0,19700101
crefre,0,47,0,0,19700101
estagne,0,0,0,0,19700101
fairyscloset,12,96,0,0,20160313
footeng,0,0,0,0,19700101
sympathy,0,22,0,0,19700101
takajin,1,0,0,0,20110329
u100labo,12,43,0,0,20180602
ukauka,3,207,0,0,20110112
sarasa7,0,176,0,0,19700101
secondbrave,4,232,0,0,20180525
smartfix,12,7068,3,0,20180803
sommarlek,0,34,0,0,19700101
suzumeya,0,165,0,0,19700101
tankougirls,12,342,12,5,20180814
testaaaaa,0,3,0,0,19700101
photogenique,0,7,0,0,19700101
plant,0,0,0,0,19700101
rocos,12,464,0,0,20180713
rusalie,6,142,0,0,20120828
ruulux,12,247,5,1,20180813
sfr,0,1055,0,0,19700101
sharebase,3,52,0,0,20140815
shionaw,0,87,0,0,19700101
homeyland,12,13172,0,0,20161117
kokuzou,1,0,0,0,20111127
lemonvintage,0,3,0,0,19700101
lesbeauxbois,12,268,9,5,20180813
tigtigtigtig,0,1,0,0,19700101
toyomusic,12,579,4,0,20180730
wingroutes,12,442,10,4,20180814
yamamotoda,0,20,0,0,19700101
kuroda24,12,74,8,2,20180809
lilyholo,1,13,0,0,20171213
lilypomme,0,26,0,0,19700101
lindenbaum,12,53,10,2,20180811
manamanalima,0,104,0,0,19700101
