insta_id,max_posts,follower,numMonth,numWeek,recent_post_date
atelier_kaname,12,464,9,6,20180719
miyukyy,12,3379,3,0,20180712
nufic_designwork,12,166,2,2,20180718
kirisaki29,12,15879,0,0,20180611
noirfr,12,550,9,2,20180718
46n_yoron,12,1117,4,0,20180715
gallery_fuuro,12,1498,5,0,20180713
rena_japan_made_shop,12,33,3,0,20180713
ANAM_Leather,12,35,0,0,20180614
_lalaclover_,12,169,8,3,20180718
hirocore.d,12,100,1,0,20180706
ohanabatake66,12,446,4,0,20180713
hejsanbutiken,12,96,10,1,20180718
yokoichi777,12,10029,4,1,20180716
brblss,12,332,8,4,20180719
brokecitygold,12,5587,6,0,20180715
haliaalohailio,12,42,0,0,20180621
copporate_shop,12,107,5,1,20180718
jackey_joe,12,645,12,1,20180718
sunkingleather,12,350,12,3,20180719
ika_ashi_ballet,12,1545,3,0,20180702
PEACEFULSMILEKOBE,12,93,7,3,20180719
Farmhousecafe,12,677,12,4,20180718
knekm,12,800,4,1,20180717
teruko_notebooks,12,106,0,0,20180620
grove5777,12,206,12,8,20180719
atoron_art,12,160,4,0,20180712
TOKYOWOODPICK,12,146,0,0,20180622
fuyunokoooo,12,505,9,2,20180718
kojimano_,12,1946,6,1,20180717
floraflora13,12,6013,9,1,20180717
yanomekouziya,12,1500,12,5,20180719
cygnetchr,12,172,4,0,20180708
mid_jum,12,28,2,0,20180712
aloalo_hat,12,211,6,1,20180717
beauty_merrows,12,178,1,1,20180718
junya1129,12,1001,12,6,20180718
byplayer,12,345,8,0,20180713
qestwear,12,1810,3,1,20180716
gabrielatierra,12,671,2,0,20180705
kaori.lecorail,12,387,12,0,20180713
coookacoooka,12,81,2,0,20180711
shinobu.hashimoto,12,2850,4,2,20180718
atlaspedal,12,135,6,0,20180709
Aumbak,12,271,0,0,20180201
gnkosaiband,12,241,12,2,20180716
u_uecology,12,260,3,1,20180718
tomokix115,12,551,2,0,20180714
hydrangeamacrophyll,12,188,0,0,20180605
gespa.interior,10,3,0,0,20170623
8yo,12,270,0,0,20180302
madein2f,12,104,1,1,20180716
puzzle.jwl,12,123,7,2,20180718
___mizueyone,0,0,0,0,19700101
plomme_888,12,576,1,0,20180713
nakochi_iya,12,462,12,3,20180718
miraqnews,12,88,2,0,20180709
sugarco.ltd,12,793,0,0,20180512
warunekokun,0,5,0,0,19700101
tao_no_ie26,12,155,0,0,20180619
inoe_craft,12,21,0,0,20170930
printiloyuka,12,190,6,1,20180718
garyu.bz,12,2036,6,1,20180717
saoriifujii_fem,12,774,9,0,20180714
ava_jp,12,452,0,0,20180618
emera,12,953,8,0,20180712
yumimpo,12,1316,3,1,20180716
aki_phraula,12,3033,12,4,20180718
industrialsuite,12,37,0,0,20180420
LamilyBridal,12,253,0,0,20141128
fullswing_furniture,12,335,2,0,20180709
yumyumyumin,12,960,12,3,20180717
RIYUNNU,12,56,4,0,20180711
mihr.a,12,473,12,3,20180718
kumaya1997,12,62,1,0,20180704
hidekofukushima,12,284,0,0,20180624
medaiya,12,81,2,0,20180712
printersflowers,12,121,0,0,20180511
anandamidelaboratorium,12,576,2,2,20180719
cachette_jewelry,12,1006,0,0,20180522
kyaraaisan,12,157,2,1,20180716
luceaki,12,1574,12,5,20180718
cosecose,0,358,0,0,19700101
toystar2016,12,10,0,0,20171217
10rc0,12,182,0,0,20180625
abemamoru_shoten,12,73,1,0,20180703
sumomo_koubou,12,132,1,0,20180709
AISUWEDDING,12,2726,7,1,20180717
twice_pea.717,12,140,0,0,20180518
spiceofgreen,12,43,0,0,20180407
mielcandle,12,1936,7,1,20180716
mUIkxmIKu,12,189,4,0,20180713
roumanya,12,424,12,2,20180718
hakuba_renka,12,60,0,0,20180501
maho.ms,12,261,1,0,20180706
mikimikimikky1016,12,1372,12,1,20180718
kuruemh,12,61,0,0,20180419
thecoffeetimewest,12,1484,0,0,20180622
himi5,12,436,1,0,20180710
thedollsjapan,12,83,0,0,20180418
namacolove,12,2268,0,0,20180505
mniftokyo,12,488,0,0,20180509
choniichonii,12,920,1,1,20180718
solanita2014,12,340,7,3,20180717
s_o_s_tokyo,10,2,0,0,20141130
PENSEE1207,12,416,0,0,20180615
ACOT_CAKE,12,794,7,2,20180717
kitchenmarch,12,514,12,2,20180719
nibi_craft,12,1351,1,0,20180706
k_kokochi,12,47,1,0,20180705
nail_cure,12,140,6,1,20180717
chihiro_lore_nail,12,572,0,0,20180524
takahisa610,12,483,7,1,20180718
jazcrafts,12,97,0,0,20180118
hisashikanazawa,12,321,1,0,20180714
ghostinmpc,12,6161,12,8,20180719
monaria_mona,12,1308,12,6,20180719
pheacadh623,12,885,4,0,20180714
arainiko,12,43,0,0,20180531
nonoyaworld,3,42,0,0,20170626
pieni_puu,12,102,0,0,20171213
veriteco,12,3898,12,1,20180716
jikannomorigallery,12,113,10,0,20180709
chimaskistudio,12,931,0,0,20180324
discographydesign,12,85,0,0,20180617
moierg,12,3071,12,4,20180719
jun_okazawa,12,497,5,2,20180719
loyaltothegrave,12,1837,0,0,20180630
one_noble_novel,12,441,2,0,20180706
atelierkeika,12,364,1,0,20180711
haruka_nara,12,325,1,0,20180713
sakewine.com_marumoto,12,17,0,0,20170427
k_coffee2014,12,2082,12,2,20180718
aneshkaaccessory,12,775,4,0,20180710
mermaid_beach_,12,458,12,4,20180718
yuko_merci.deco,12,314,10,2,20180719
mayonaka_sample,12,233,3,0,20180715
kqurious,12,3977,12,8,20180719
kims.koreandiner,12,66,0,0,20160716
module_design,12,187,1,1,20180716
zacchino_official,12,776,7,3,20180718
yun_322,12,465,7,1,20180717
shopluana,12,156,9,3,20180718
mt__book,12,184,3,0,20180712
hatsume3,0,21,0,0,19700101
ayako32flavors,12,226,12,3,20180719
corsicacoffee,12,212,1,0,20180710
sowmen,12,548,5,0,20180708
liberty_shop5970,12,141,4,1,20180717
decor_unitedhomes,12,836,12,2,20180718
yamamotodadada,12,507,12,4,20180717
kawanisimeisankeikenootani,12,98,0,0,20180512
playatuner,12,319,0,0,20180416
2222take,12,478,0,0,20180527
Pishka.Jiyugaoka,12,52,0,0,20180622
be.ni.o,12,236,2,0,20180708
caliner_pic,12,109,1,0,20180715
rinko_kudo,12,482,12,7,20180719
shamjas_official,12,251,4,1,20180718
udatakuo,12,806,5,5,20180719
noreri_shop,12,330,12,1,20180716
juzusuke,12,525,12,4,20180718
naranja_accessory,12,136,0,0,20180618
h_birthdaytoyou,12,4138,12,9,20180718
takuizawa,12,1870,2,0,20180710
cream_bandh,12,441,8,2,20180717
ja_int,12,92,0,0,20180608
k.lovethailand,0,42,0,0,19700101
freedom_spectacles,12,273,0,0,20180320
oqoymomo,12,131,0,0,20180616
paddle_official,12,167,0,0,20180626
343s_webshop,12,598,3,0,20180714
anutrof.blanchet,12,2224,12,0,20180713
se_lection,12,88,0,0,20180613
enjoy_crop,12,685,6,1,20180718
eclat.hamamatsu,12,1244,12,3,20180719
tmhy.2525,12,1854,0,0,20180629
jango_oac,12,746,1,0,20180706
imamurayumi_yumiimamura,12,358,12,5,20180718
letoffe.niigata,12,1967,3,0,20180712
immypenny,12,278,0,0,20180509
crude.yamada,12,863,4,1,20180718
_aokimiwa_,12,463,2,0,20180712
otherlounge,12,1077,12,8,20180719
tcs_international,12,771,4,1,20180718
urushi610,12,749,12,9,20180718
solfeggiotones,12,106,0,0,20170618
3grrr,12,74,7,0,20180712
sea.ibiza,12,1843,12,2,20180718
hakudou,12,872,3,1,20180716
amalia_studio,12,438,1,0,20180702
stella.__8,12,563,2,0,20180713
yuzen_jewelry.suiu,12,66,0,0,20180312
ksmin2,12,6023,12,3,20180718
chiffonglass,12,256,0,0,20180603
blueverystudio,12,93,0,0,20170729
mayasworks,12,340,4,1,20180718
yagitee_info,12,49,6,4,20180718
gentletreesapporo,12,667,12,0,20180714
isao.1226,12,993,12,4,20180718
kotoribeach,12,279,9,1,20180716
rbfm_plus,12,2038,12,5,20180719
yoshiblessed,12,174,2,0,20180709
day_traction,12,503,0,0,20171006
R.Mstyle,12,430,0,0,20180509
bambi_garden,12,965,12,3,20180718
reads_nao,12,354,5,1,20180718
lapunieni,12,53,0,0,20151115
cento_f,12,24,6,0,20180706
shop_hyacca,12,385,4,0,20180712
doodle45,12,1526,2,0,20180704
n_a_o314,12,414,12,4,20180718
nekokick8787,12,146,3,0,20180713
crackbeerpunk,12,466,1,0,20180715
nonfiction_rubia,12,807,5,0,20180714
CALBERRY88,12,1400,0,0,20180415
chkuwan,12,900,11,4,20180719
loners1541,12,185,4,1,20180719
atease_style,12,183,5,0,20180714
ericalien,12,1483,3,0,20180709
equalia0124,9,9,4,0,20180713
plus_coffee.jp,12,1253,4,1,20180718
nouveau_tresor,12,56,0,0,20180412
nkhc,12,1420,12,5,20180719
toolconsulting,12,983,0,0,20180623
bebe_couture,12,129,3,1,20180718
LAU.MADE.IN.JAPAN,12,1318,7,1,20180716
energyfrog,12,152,0,0,20171110
pre_hanaco,12,115,12,1,20180716
blanc_kee,12,498,3,1,20180717
naotooga,12,946,12,1,20180717
madoka_amazingme,12,5674,12,5,20180718
_STORY.M_,12,410,5,1,20180716
otome_youbi_,12,245,2,0,20180715
tundraeskimo,11,55,0,0,20170709
FNPtyo,12,648,0,0,20180531
souei.jewel,12,134,1,0,20180710
pariss1717,12,121,0,0,20171122
LanikaiJewelryCo,12,76,1,0,20180701
fairysouls,0,5,0,0,19700101
shiica_,12,1406,10,2,20180718
okinawa_0120_akinawan,12,5129,2,0,20180713
nonoko0629,12,1447,1,0,20180711
mao.uoxou,12,705,5,1,20180716
belo_ism,12,663,0,0,20180623
y_ryuta_k_,0,77,0,0,19700101
areren2013,12,122,4,0,20180709
rune214,12,568,3,2,20180718
rayamic,12,5732,5,3,20180719
yellow_gipsy420,12,81,12,12,20180718
artique0,12,7600,12,3,20180719
eclectic_sato,12,706,12,3,20180719
rocos,12,463,9,0,20180713
kiini_tokyo,12,259,2,0,20180709
k_by_c,12,86,0,0,20150817
_soasoah_,12,337,7,2,20180716
amayadori2005,12,932,3,0,20180715
lukacca,12,633,8,2,20180718
bella_legame,12,54,0,0,20180617
murakushu,12,229,12,2,20180717
monopro7881,12,76,2,1,20180716
sevenchakrajewelry,11,6,0,0,20180323
milimilijapan,12,397,5,1,20180717
ekmahalo_golf_jewelry,12,170,5,0,20180710
chloemnh,12,638,10,3,20180719
ayushke_toltec,12,373,5,0,20180713
merbytokyo,10,5,0,0,20180512
cometcometcomet,12,240,9,1,20180717
HIRO_PRUEBA,12,462,3,0,20180715
mana_ohana,12,4071,2,1,20180718
tinylily,12,97,2,2,20180719
jewelearth.ishigaki,12,566,0,0,20180621
zunko0215,12,3397,12,5,20180718
xscherzox,12,705,0,0,20171009
daisy.silver.accessory,12,133,10,3,20180718
setogiants,12,34,0,0,20170106
mayu.mycraft,12,542,3,0,20180705
jojoyarn_bymyjojo,12,184,0,0,20180325
flys_unidentified,12,4088,3,2,20180717
aoimoment,12,55,5,2,20180718
mumu5357,12,567,0,0,20180613
kohiro_n14,12,167,5,2,20180717
76nanaroku,12,45,0,0,20180612
cailin.agus.grandma,12,141,0,0,20161130
tegami.tokei,12,187,1,0,20180706
fujiocurry,11,78,0,0,20180630
papa_soze,5,6,0,0,20150506
lonesomegoodluck,12,172,2,2,20180718
matrice.aya,12,1719,12,3,20180718
aki.s623,12,590,8,1,20180719
atelier_minuit,12,1203,0,0,20171124
yood1122,12,1607,4,0,20180715
tomomi_masuda5525,12,300,0,0,20180622
uponhandmade,12,1438,12,2,20180719
riko_0719,12,1579,12,2,20180719
hanataku_1102,12,432,2,0,20180714
lander,12,10044,3,0,20180714
musubiyakyoto,12,702,5,2,20180717
cye_biquette,12,449,3,0,20180706
diopiccolo89,12,575,10,2,20180717
beadsyakuroneko,12,710,5,0,20180713
fasso_on,12,903,7,0,20180714
amigirl_knits,12,2116,12,5,20180719
nishiyamamiya,12,7240,12,3,20180718
kiyoe175,0,179,0,0,19700101
thecirculationoflove,12,305,4,0,20180715
the_rendezvous_mami,12,2665,7,0,20180714
kihadasalon,12,209,2,0,20180702
maysea0606,12,201,3,0,20180711
crewtag.abc,12,402,0,0,20180422
hayacocco,0,127,0,0,19700101
akagumichan,12,390,4,2,20180719
kasyoan,11,24,1,0,20180713
riz_a.m,12,223,6,0,20180711
maison_masumi,12,636,12,3,20180718
calpia.accessory,12,673,1,0,20180707
leather.base,12,485,12,6,20180719
gebccraft,12,513,2,0,20180709
zaptastick,0,12,0,0,19700101
petit__lys,12,365,2,0,20180713
ultra_mint_company,12,155,4,0,20180712
myriad.official,8,1288,2,1,20180717
nooncall.mono,12,2150,12,3,20180716
salonyururi,12,260,5,1,20180718
luana.nail.relaxation,12,491,12,9,20180718
redprofile_info,12,416,5,0,20180713
__bosque.__,12,2339,12,3,20180719
akinaruji,12,459,3,1,20180718
hum_leather,12,305,6,1,20180718
ohsumitaro,12,405,8,3,20180717
623duck,12,349,3,1,20180718
microm81,12,174,6,2,20180719
_mamalovesyou_,12,626,6,1,20180719
seamakana,9,1,9,9,20180717
chidapan.hakone,12,1769,9,1,20180717
shoartshop,12,97,0,0,20180511
ekka_2015,12,297,7,1,20180718
mature_ndesign,12,461,1,0,20180703
misha_antiques,12,116,2,0,20180710
reing.d.heero,12,72,1,0,20180714
aotamanyaaaan,12,1266,5,0,20180713
moeko_dr,12,24100,9,2,20180719
y__o__n__a,12,1848,12,7,20180719
POMAYOSHIDA,12,103,2,0,20180711
mocha.monday,12,500,0,0,20180630
mi2_mini,12,357,0,0,20180627
humsedesign,12,736,6,2,20180718
macaronisurf,12,374,12,1,20180717
chezlion1,12,1567,0,0,20180614
dongree_kyoto,12,3299,11,5,20180719
unbouquet1388,12,8,1,0,20180706
cocoro.kurumu,12,263,12,1,20180718
chappy.magokoro,0,124,0,0,19700101
makaane214,12,437,1,0,20180703
septoile,12,1202,12,0,20180715
DEADSPACE.online,12,88,0,0,20180525
cafe_danslaforet,12,79,9,4,20180719
ramuneid,12,319,5,0,20180713
lanka.knit,12,131,0,0,20180630
cocon_iro_soushingu,12,348,11,1,20180717
COSMICFAMILY7,12,336,1,1,20180719
lapplause.shop,12,183,0,0,20180619
14kgf,12,53,1,0,20180708
yaji_cafe,12,231,0,0,20171216
hikaru_coral_tida_stone,12,197,6,1,20180718
milch.inc,12,199,0,0,20180622
iriecandle,12,194,1,0,20180702
liquid_acce,12,1247,1,0,20180704
wasakijunya0912,12,10449,12,1,20180717
mugoisiuchi,12,1647,0,0,20180408
hiroyuki_nishiyama,12,349,11,1,20180718
kanegon,8,15,0,0,20101219
ateliertamari,12,7291,12,2,20180718
mazto_mami,12,217,2,1,20180717
munizo023,12,915,1,1,20180717
hugme_frill,12,364,3,0,20180713
Luki_aloha,12,1046,4,3,20180718
ikyuji,12,498,12,1,20180716
marer0,12,993,12,11,20180719
obakeclothing,12,545,1,0,20180714
balancer21g,12,468,6,1,20180716
the___garden,12,97,0,0,20151114
hmt666theshop,12,79,1,0,20180714
tomocotton100,12,244,1,0,20180709
airi0818,12,396,4,2,20180716
astro_theater,12,52,0,0,20180501
aya4721,12,58,12,4,20180719
gricoapart.cafe_shop,12,975,12,2,20180718
mine15shop,12,384,12,2,20180719
ecrairgoods2017,12,92,12,6,20180718
atelier_dodo,12,283,6,1,20180718
yuko.cm1013,12,385,3,0,20180715
satokasei,12,184,0,0,20180612
jpfloweressences,12,44,0,0,20180627
winstoncraftworks,12,262,8,2,20180717
SCREEN_MASTER_WORKS,12,88,0,0,20180607
jplan_tabi,12,245,0,0,20180216
lesfavoris_wedding,12,1486,9,1,20180719
i_cle,12,213,3,1,20180718
nanahisaoka,12,1366,10,3,20180718
entro_campos,12,23,0,0,20180125
gluckjapan,12,707,1,0,20180709
equipplas,12,1095,12,7,20180718
claseek.co,12,692,0,0,20180320
___ciclo,12,297,9,2,20180719
fleurien1227,12,526,2,0,20180713
keepsurfkeepsmiling,12,1725,12,4,20180716
pescafiore_,12,128,6,0,20180713
kr._.store,12,409,1,0,20180709
her_handcrafted,12,313,4,0,20180707
lazy.holic,12,188,0,0,20180424
by164paris.jp,12,115,1,1,20180716
mizuhikigirl,12,824,12,2,20180718
beticorouge,12,2514,1,0,20180711
lumiere_jubilee,12,238,0,0,20180425
klimaanlage_,12,62,6,1,20180716
tsuboikenzai,12,210,1,1,20180718
cottind,12,1699,7,3,20180718
masami1988,12,2537,3,1,20180718
little_village_and_co,12,988,2,1,20180716
toshiohosono,12,1303,8,1,20180717
akiramuracco,12,2600,10,0,20180715
yumiha_tote,12,146,0,0,20180518
maaroorganic,12,365,3,1,20180717
kosokobo.naito,12,294,12,7,20180719
kikumamu_,12,1220,2,0,20180703
saerasshop,12,63,4,0,20180705
fragmentfactory,12,3331,3,1,20180719
daborabo,12,179,4,0,20180714
sekiyuden,12,95,1,0,20180713
_colinalina_,12,68,0,0,20180521
balloonconchelu1021,12,692,3,3,20180719
pongtearkon,12,197,0,0,20180310
hsap2014,12,1014,12,3,20180718
llsilverspoonll,12,309,0,0,20180530
kimurin0424,12,412,1,0,20180715
vitamincandle,12,476,5,1,20180718
maypartjohn,12,647,0,0,20180105
valmy.jp,12,42,0,0,20180417
itomomi39,12,1415,7,1,20180717
nowaymag_kg,12,366,12,0,20180715
yykupukupu,12,263,0,0,20180630
nishimura7825,12,185,3,3,20180718
yukari.boo,10,143,0,0,20180619
jum8,12,583,2,0,20180712
terihaeru,12,386,0,0,20180627
chaaaa3sx,12,288,2,0,20180707
seafeary,12,203,12,3,20180719
selectshop_fur,12,699,12,5,20180719
yuki_Louza,12,559,12,1,20180716
reeeeeach0222,12,3770,9,3,20180718
luminaishiai,12,161,0,0,20180610
atelier_fiction,12,40,0,0,20180416
qtcraftsea,12,95,2,0,20180705
mashum.and.dwarf,12,269,4,0,20180713
closer.okinawa,12,101,0,0,20180611
closet_bar,12,471,1,0,20180709
myrulestheark,12,451,2,1,20180717
rocca2405,12,492,7,2,20180719
masanobu_ueda,12,340,4,0,20180714
ihallande,12,130,12,5,20180718
hairytree_sachiko,12,192,2,0,20180704
artshoka.aiko,12,997,2,0,20180703
re_miy216,12,445,7,0,20180714
alocasia_vintage,12,1072,12,4,20180718
hikaririri88,12,703,12,1,20180716
id_usedclothes,12,1549,12,6,20180719
percou_acce,12,332,0,0,20180517
pacelolpop,12,161,0,0,20180617
dag_theshop,12,14,0,0,20170929
redmoontradingpost,12,615,5,2,20180718
yurtao,12,2619,7,3,20180718
miekoyashirocafe,12,279,2,0,20180706
andmoze38,12,1436,6,2,20180718
studioshon,12,31,0,0,20180406
konote.handcrafted,12,131,6,2,20180719
d_hata,12,541,0,0,20180512
skiwada,12,314,2,0,20180711
m_amako,12,153,0,0,20180604
msfleamarket,5,8,0,0,20180618
lou.peace.design,12,1776,12,2,20180719
tokyosquash,2,52,0,0,20170504
beni_417,12,311,1,0,20180712
akiko_tajima,12,346,0,0,20180524
xxlazwardxx,12,247,4,0,20180712
june.handmade,12,206,5,0,20180715
kyoumi_oosu,12,863,12,9,20180719
komamonoya_hiroha,12,85,2,0,20180710
nakedsun_official,12,130,0,0,20180328
_m.o.m.i_,12,9080,5,0,20180714
cem_broche,12,20,0,0,20180525
reikosan_925,12,341,4,0,20180715
sopo.candle,12,2371,9,1,20180719
lumiere_de_tache,12,408,0,0,20180526
cyassylabo,12,25,0,0,20160911
nestofmanure,12,4374,12,3,20180718
crafsort,12,139,0,0,20180510
rover.factory,12,417,9,2,20180718
buhibokko,12,273,0,0,20180603
boomdigi2017,12,846,0,0,20180528
ogawayasaketen,12,77,10,1,20180718
s_ken1ro,12,56,0,0,20180528
kisekaeya,12,253,4,4,20180718
emigraphics,12,166,4,1,20180717
marukiya_official,12,202,12,1,20180717
rondineofficial,12,176,0,0,20180316
kakuremi_official,12,193,0,0,20180321
kettlesan,12,110,0,0,20180626
the_smoke_works,12,767,12,4,20180719
dousa.dibi,12,331,10,1,20180719
kawakami.shiho,12,668,8,0,20180714
hello_and_roll,12,55,0,0,20180304
style4t,12,580,12,6,20180719
leilani.dog,12,645,12,3,20180716
TSUMUGILABO_TANI,12,161,0,0,20180303
beer2life,12,174,6,0,20180714
yumaahi,12,225,8,3,20180719
margaretcourt_shop,12,155,2,1,20180716
irihiakane,12,350,1,0,20180715
nytsworks,12,120,0,0,20180626
sbmg666,12,214,9,0,20180705
cut_looks,12,389,0,0,20180519
moily.bk,12,3147,7,1,20180718
latelier_de_yu,12,186,1,0,20180709
hiromi_merci,12,423,11,1,20180718
deliciousweets,5,81,0,0,20160329
bando_inc,6,9,0,0,20151119
yome5289,12,148,1,0,20180710
pee_ka_boo_sendai,12,147,12,3,20180717
minormode,12,164,1,0,20180714
snipe_sendai,12,182,7,1,20180718
hoshikisara,12,452,7,1,20180718
naomiangel777,12,117,0,0,20180520
lifestyle_1r,12,216,0,0,20180624
ak2015_3,12,1138,2,0,20180712
5ft46,12,80,1,0,20180713
mushoml84,12,499,8,1,20180717
puako_shop,12,561,12,3,20180718
smartphonekoolgang,12,117,0,0,20171006
yayanon024,12,1958,4,2,20180718
theporkshop,12,177,6,2,20180718
ken0jyu0,12,5091,5,1,20180718
tamura_works,12,653,7,1,20180716
empoposhop,12,83,4,1,20180718
kurutariusu,12,1240,6,1,20180718
cage_yamamoto,12,674,4,1,20180717
y1216naru,12,111,6,0,20180714
breathhamamatsu_official,12,1167,12,1,20180718
feel_up,12,38,0,0,20170714
littleribbon.123,12,315,0,0,20180604
norma_tokyo,12,102,0,0,20160218
rojiurasan,12,178,10,0,20180714
steelol_vene,12,860,12,1,20180717
maisondehilo,12,128,7,1,20180717
hamppu.ja.mina,12,62,1,1,20180716
lionchan911,12,685,12,3,20180718
cosmicstones,12,184,1,1,20180718
titti1024,12,176,2,0,20180715
punicourt,12,406,1,0,20180702
shimizuchef,12,987,9,1,20180717
emuhamadaraka,12,2601,2,0,20180715
MAYU120934,12,427,6,0,20180714
shop.justlikehere,12,210,2,0,20180710
ateliersango,12,252,0,0,20180611
gutouan.go_yamazaki,12,281,4,1,20180717
katadama,12,39,0,0,20180325
encyab,12,23,2,0,20180714
teddy4jp,10,197,0,0,20180206
garage_ill,12,1033,0,0,20180419
aryjewelry,12,228,0,0,20180510
tarui.showten,12,125,0,0,20180612
between_kn_takako,12,464,9,1,20180717
balloonshop_esmile,12,414,5,1,20180716
kayonoko,12,1888,8,1,20180718
siscy_siscy,12,107,0,0,20170719
shitajimaen,12,327,2,0,20180708
coenoe,5,3,0,0,20170415
chimera_shop_info,9,19,0,0,20180609
shogoron,12,536,12,5,20180719
aromavert,12,815,8,1,20180717
jukebox1121,12,1807,12,6,20180718
ceskariko,12,469,10,2,20180718
anchori,12,1737,4,0,20180714
nicori_candle,12,1009,12,2,20180717
aykstamp,12,447,2,0,20180712
SEMBAN460,12,139,2,0,20180707
ayuayu.handmade,12,1511,0,0,20180629
NICKNEEDLES,12,872,3,2,20180717
_yuki_yasuda_,12,1992,7,3,20180717
omg_by_doctor_l_lab,12,1087,12,5,20180719
alto2525,12,256,0,0,20180524
mituon,12,81,0,0,20171231
bunnybissoux,12,4063,9,3,20180719
okawaglass,12,500,2,0,20180705
flowers_import,5,115,0,0,20171003
boriesy,12,454,0,0,20171124
mayu_arc,12,497,3,2,20180718
milinfeng,12,112,3,0,20180712
NAMIHEI1210,12,9554,12,10,20180719
nakanotenkids,12,754,10,3,20180719
kimonogasuki01,12,1082,12,3,20180718
hoashiyusuke,12,615,1,1,20180718
locoloco443443,12,9,0,0,20160531
12_JUUNI,12,1567,12,12,20180719
takayakamma,12,347,0,0,20180609
kazuakihayakawa,12,603,0,0,20180519
keiko_omama_evolution,12,109,0,0,20180629
dog.headcover,12,202,4,1,20180717
carimera123,9,75,0,0,20161204
nichiho_210,12,526,9,1,20180717
morita4055,12,3480,8,2,20180717
mgstore_official,12,579,0,0,20180628
asuka.shimada,12,194,1,0,20180706
livenermist,12,48,0,0,20180410
handmade.ocean,12,291,12,6,20180718
shakainomad_punk_girl,12,111,0,0,20180607
gogo.yukachan,12,410,12,2,20180719
ochobi_taeco,12,1669,12,8,20180718
bonsaiyatoki,12,2753,10,1,20180716
styleandthings_abp,12,347,0,0,20180623
codomopaper,12,735,5,1,20180719
tamatefarm,12,32,2,0,20180706
charlotte_nagoya,12,90,0,0,20180531
rightfitclub,12,612,5,1,20180717
cosyhana,12,84,4,1,20180718
ai.no.mannaka.products,12,171,3,3,20180719
miwele_official,12,215,4,0,20180715
cocomaam,12,7,0,0,20111031
happyis505,12,174,3,1,20180718
ocantie_art_room,0,161,0,0,19700101
morijirushi,12,851,1,0,20180707
misakitan22,7,75,4,1,20180717
taimahak003,12,118,1,0,20180701
fiorebianca_,12,350,4,0,20180714
aaamemiii,12,271,0,0,20180611
mar1.jasm1n,12,215,12,3,20180717
eat.eat.food,12,644,6,0,20180714
esoracoffee,12,493,1,0,20180710
rmusic358,12,81,1,1,20180716
ayafude,12,2122,0,0,20180507
modeofdetail.wardrobes,12,717,3,0,20180714
otomoni,12,2356,12,4,20180717
one.1a,12,72,0,0,20180410
tomymuesli,12,201,9,4,20180719
sync_classta,12,1054,12,4,20180719
honour.ovation,12,585,4,1,20180717
aoyagimai,12,364,6,0,20180712
yusukesugisawa,12,1218,1,1,20180718
sakurainouen,2,0,0,0,20160320
elli00z,12,907,7,0,20180715
fukudaeiichiro,12,207,6,1,20180716
taichi_kurahashi,12,262,2,0,20180712
cross_the_border.shop,12,402,0,0,20180209
erika_4mama,12,5977,12,5,20180719
tsuujiimot,12,7598,7,0,20180712
tiesocietyjapan,12,2510,4,1,20180716
toyshead,12,4139,12,5,20180718
_valerie52_,12,318,9,1,20180717
studiocoudre,12,185,3,1,20180717
r3.aoii,12,1000,12,6,20180718
copelplanet,12,90,1,0,20180705
_tessea_,12,388,5,0,20180713
tomo.tycka,12,3585,8,1,20180717
nail_ribborn,12,24094,12,9,20180719
naho_nakanishi,12,3842,12,8,20180718
prewo_since2015,12,207,4,0,20180714
dokidokiclub_insta2,12,1720,7,0,20180711
tatemai_piaceresolo,12,132,1,1,20180718
pri_mirror,12,1285,4,1,20180716
azy_azy_azy,12,1959,11,5,20180719
ryokuen.tokyo,12,1236,4,1,20180716
jeanskokubo,12,811,1,0,20180703
filica_oyatsu,12,1250,12,1,20180718
Calin_la_main,12,28593,12,4,20180719
mayuhanafusa,12,872,0,0,20180615
suzukakeshin,12,2638,2,0,20180712
candly_info,12,976,11,3,20180718
fedeca_global,12,2878,1,0,20180712
las42018,12,811,3,1,20180718
kobaco.store,12,1605,12,3,20180716
erikun_made,12,624,12,3,20180718
tdkz_z,12,448,9,1,20180718
storemeimeimei,12,75,0,0,20180204
masaru_kamada,12,230,0,0,20160826
rank_nagasaki,12,795,12,12,20180719
waracbe,12,1901,12,1,20180718
bean_product,12,1644,1,0,20180702
deco_te_kyoto,12,202,0,0,20180604
verograzia,12,398,11,0,20180715
chario_lifestyle,12,13,4,0,20180713
nattuny,12,345,11,0,20180712
koichimakigami,12,1532,5,0,20180712
_nitako_,12,3310,12,7,20180718
nowaki.jp,12,142,2,0,20180709
naonaonuts,12,105,7,1,20180719
yshandmadeaccessories,12,216,4,1,20180716
inumagazine,12,285,0,0,20160513
masash1k1mura,0,127,0,0,19700101
brownsheep_me,12,499,12,5,20180719
ninold_45,12,34,0,0,20170114
linoplus_accessory,12,69,0,0,20170724
yves_nil,9,32,0,0,20170912
maturevery.yuko,12,324,12,3,20180718
peeace0315,12,516,0,0,20161208
kunimacoffee,12,155,8,2,20180717
okinawantaste,12,570,0,0,20180524
shiodaruma,0,3,0,0,19700101
kurumiarimoto,12,6813,6,0,20180715
gypsy.works,12,264,0,0,20171106
ayahime777,12,1287,1,0,20180702
inspirationmaster,12,74,3,3,20180718
noncommittal.osaka,12,524,10,1,20180716
kaiaina_,12,4716,12,3,20180718
hitomaruichi,12,1617,2,0,20180712
mukonokome,12,191,2,1,20180716
fuku_l,12,211,2,0,20180715
tolnedo1018,12,384,7,0,20180710
netshop_mimiiro,12,99,3,0,20180712
revel_web,12,49,0,0,20180607
worth_wear_works,12,2336,12,3,20180718
twistortokyo,6,13,0,0,20180228
kinue_handmade,12,86,9,0,20180710
greedy_usedshop,12,290,12,12,20180719
mauna_tresor,12,43,0,0,20170428
__glittershop__,12,357,0,0,20180629
familia_nail_eyelash,12,1198,12,5,20180718
nidom216,12,402,1,1,20180718
fromkobechuchu,12,740,10,4,20180719
oeuftarte,12,96,5,0,20180712
towa_accessory,12,754,12,6,20180719
kanameeeeeee,12,390,0,0,20180501
props_nakameguro,12,2229,12,2,20180718
raoingcoinring,12,250,3,0,20180709
numazuno.odashi,12,132,2,1,20180716
gaya038,12,849,9,1,20180719
belladonna.noir,12,597,3,0,20180713
87toiro,12,348,7,4,20180719
taikodou,0,0,0,0,19700101
shop.priscilla,12,176,7,2,20180719
thecoffeex3,12,2411,12,3,20180718
kuopus2016,12,541,1,0,20180713
atelier.mof,12,4029,12,3,20180718
ritia_select,12,153,0,0,20170522
trailhut_jp,12,614,5,1,20180717
nerikome,0,37,0,0,19700101
analogic_yutenji,12,367,0,0,20170503
kulamastore,12,55,0,0,20180126
ramon_bikes,12,862,12,4,20180719
tepee77,12,326,2,1,20180718
homna_handmade,12,2358,11,3,20180719
HIPSTER_OSU,12,1081,12,5,20180717
GESCHENK_MANA,12,2794,12,2,20180717
kocuu13,12,482,12,3,20180719
botanical_sendai,12,2374,12,3,20180717
croque.en.bouche,12,680,8,1,20180716
synthesizakkar,12,64,1,0,20180702
wideheapsdesign,12,30,0,0,20180406
becik19,12,61,0,0,20171005
honeylash,12,10487,6,2,20180718
nano.nano.nanoko,12,359,12,2,20180718
____y225,12,18250,4,2,20180717
leaaccessory_tmm,12,142,0,0,20180206
kunsaido,12,304,1,0,20180707
ketchap_official,12,269,0,0,20180616
sweetdish_non323,12,996,7,2,20180717
nemuke0728,12,13,6,3,20180718
baobab_store,12,56,0,0,20180525
kagaribi0727,12,397,3,0,20180715
motheranddaughter.pink,12,116,0,0,20180616
shop.gizumo,12,77,0,0,20180207
elder_flowers,12,225,2,0,20180712
koikatsugirl,12,254,5,1,20180716
spicca_jewelry,12,45,0,0,20161228
sakuraco898,12,437,6,0,20180715
majolly_official,12,28,0,0,20180518
littleearth807,12,159,8,1,20180718
thewest4thny,12,404,8,2,20180718
fran_the15,12,173,0,0,20180507
myfavand,12,23,0,0,20171227
manico_tanaka,12,327,1,0,20180703
gotsukooo,12,104750,2,1,20180717
rakugakigood,12,196,0,0,20161225
rikolekt,12,1042,0,0,20180625
nanairo_stagram,12,1947,4,1,20180718
muffin_sn,12,301,8,2,20180719
natsumikoike,12,346,0,0,20180518
pucapucaofficial,12,11172,3,0,20180713
kakaco.accessory,12,1672,12,6,20180719
haruharu__jp,12,747,12,3,20180719
printemps_kumamoto,12,532,9,3,20180719
blackmental.ttr,12,15,0,0,20170911
lily_0226_,12,558,12,7,20180717
clothing_bowwow,12,27,5,2,20180718
yukibikinistyle,12,278,12,2,20180718
yuki.ceo,12,773,3,1,20180716
ililanihawaii,12,894,6,2,20180719
plain0811,12,1136,6,2,20180719
matoi___,12,458,3,0,20180713
laboum_tokyo,12,80,1,1,20180717
burn_design_store,12,270,0,0,20161209
lewdlybug,12,146,0,0,20170818
rickiey_leather,12,489,6,0,20180715
aroma_shop_triton,12,460,6,0,20180709
b.eave.r,12,165,3,1,20180717
andr0919,12,822,12,4,20180718
baramon_goto,5,50,0,0,20170701
crispypopcorn_snats,12,1817,0,0,20171031
littleearth807,12,159,8,1,20180718
yachimun8641,12,2164,6,0,20180714
wallworks_cvteye,12,189,0,0,20180421
waonnono,12,54,4,1,20180716
kloop_land.m,12,490,3,0,20180703
maya_____taka,12,137,0,0,20180623
by_kou,12,61,1,0,20180704
anela_onlineshop,12,129,0,0,20180607
blueline4423.jp,12,443,12,4,20180719
mumumimi6633,12,10,1,1,20180718
maitoparta_asahikawa,12,129,12,3,20180718
yunomi03,12,310,2,0,20180711
022performance,12,929,12,4,20180719
chi_mustard,12,106,0,0,20180625
aine916,12,497,2,1,20180717
lexsportskids,12,2865,3,1,20180716
ku_ja_ku,12,1157,12,3,20180718
hayama244,11,42,0,0,20180601
eater2012,3,51,0,0,20160723
youtaro16,12,1743,1,1,20180717
velicloset,12,500,0,0,20180608
Najm0701,12,31,0,0,20180116
indi_life_post,12,348,0,0,20180616
hyo105okame,12,378,12,3,20180718
seeco7373,12,229,0,0,20180130
shiny1days,12,689,6,0,20180713
8cut8,12,764,1,0,20180710
_shi_n_do_,12,56,0,0,20180514
lahonghu,6,64,0,0,20160605
motherjuice.jp,12,43,0,0,20171121
sundays.23,12,703,2,0,20180715
kotitti,12,1070,12,3,20180717
minami4hayato,12,704,1,0,20180715
sunny_vintageparadise,12,459,0,0,20180621
GOOFYSTYLE_wataru,12,404,6,2,20180718
tiare_koubou_akiko,12,12,4,1,20180716
mshamuso,12,1972,1,0,20180705
kai_makana_aloha,12,2380,12,4,20180719
matsunbocraft,12,238,2,0,20180712
fott.jp,12,1398,3,1,20180718
yuren.renmosir,12,1622,12,4,20180719
one_homey,12,2315,12,8,20180718
shiawase_deli,12,333,4,1,20180716
conforto.facil,12,228,4,0,20180711
abesakebrewery,12,527,3,0,20180713
by164paris.jp,12,115,1,1,20180716
pordoutdoor,6,11,0,0,20170628
sexvirginkiller,12,1156,6,0,20180710
hokushinac,12,322,12,0,20180715
the_fanon,12,1501,5,0,20180714
pine_create_web,12,487,1,0,20180707
kayo_movement,12,513,8,2,20180718
shizukustone_12,12,103,0,0,20180619
sau_hidarimigi,12,203,1,0,20180714
cacoaccessories,12,178,2,1,20180718
matofkyoto,12,312,0,0,20180409
serafine444,12,51,0,0,20180504
allgreen2525,12,75,2,0,20180709
arayacocolo,12,186,9,5,20180718
psyche.par.sonre,12,157,12,5,20180719
thiapily,12,314,12,3,20180718
mamau.jp,12,136,0,0,20180625
lovable.handmade,12,415,1,0,20180711
candlevarious,12,1402,6,1,20180716
miracle.com_,12,333,3,1,20180718
lucy_lue_hiroshima,12,768,12,6,20180718
endo.ayako,12,303,9,2,20180719
yaukuwau,12,826,0,0,20180304
Qmyjm,12,98,3,1,20180718
luckysmile.shop,0,1,0,0,19700101
salondeleaf,12,1324,12,3,20180718
oliver_garbo,12,6417,12,4,20180719
umi.doodle,12,155,3,0,20180701
sharinkan,12,310,12,2,20180717
naturally0707,12,663,12,3,20180718
iy.iy_,12,344,2,1,20180716
maruu_design,12,815,11,6,20180717
selectshop202,12,249,5,0,20180711
around_the_world_shop_2016,12,372,12,4,20180719
milkyflower_wedding,12,5830,8,2,20180718
aya.made,12,618,1,1,20180719
CHAUTESEI,12,499,12,5,20180719
plus__mini,12,280,0,0,20180114
freehairgeneralstore,12,245,3,0,20180714
hrmorg,12,140,9,2,20180719
JYA_ME,12,14148,8,3,20180718
june25junjun,12,116,1,0,20180711
bulldog_skateshop,12,396,4,1,20180716
oisocoffee_an,10,25,0,0,20180627
labochu,12,101,5,1,20180718
katotomotaka,12,1348,9,2,20180718
arionkurenka,12,3101,4,1,20180718
unomori9,12,998,7,1,20180716
gobananasbrand,12,171,0,0,20180516
momomi_sato,12,513,12,3,20180718
yagi_project,12,1252,2,0,20180715
lopitalheart,12,2,0,0,20160908
surfvillage_official,12,931,0,0,20171212
1016LF,12,100,4,0,20180711
lily_accessory,12,445,2,2,20180719
appartement_paris,12,63,0,0,20180616
island.lovers_official,12,1818,7,1,20180718
alisa_select,12,74,0,0,20180405
marico.safarii_vintage,12,384,12,1,20180716
ManamiMatsuyama,12,147,5,1,20180716
nahezu_gleich_official,12,648,0,0,20180525
pepepepapers,12,890,0,0,20170611
monange___official,12,282,1,0,20180704
1988.design,12,2670,0,0,20180512
orangesun1212,12,3559,0,0,20180603
rii__star,12,100,0,0,20180620
low00_official,12,241,4,0,20180715
mielruban,12,722,8,1,20180716
atelier_ci_pu,12,78,0,0,20180629
shop_dearchildren,12,1058,0,0,20180331
andma.style,12,274,2,1,20180719
yunism2,12,334,3,0,20180702
workshopbeey,12,54,0,0,20180512
onzyu_,12,485,0,0,20171207
shizendo_mutenka,4,5,0,0,20170917
onando_plat,12,1846,12,6,20180719
farm_sunpo,12,489,8,1,20180716
guilty_sawa,12,902,0,0,20180625
mihokakuta,12,3879,12,2,20180718
gallery_fotori,12,491,12,2,20180717
marieroppongi7,12,362,2,1,20180718
moi_sopo,12,471,6,2,20180718
takushi_tanaka_gladio,12,456,1,0,20180708
woodbird2013,12,311,1,0,20180715
house_of_beatz1973,12,353,2,1,20180716
yosshi007,12,2520,12,2,20180719
henes.jp,12,259,0,0,20180117
kinaco_sak,12,410,4,1,20180719
Htminami,12,2153,1,1,20180719
kthfarming,12,119,2,1,20180717
gekko_kobo,12,6,0,0,20170805
mei_w24,12,1857,6,2,20180719
epaulement_h,12,412,0,0,20180523
ema.nishinomiya,12,707,7,2,20180718
toiro_knit,12,237,0,0,20180516
atomamakids,12,148,3,0,20180711
wooh_rabbit,12,70,8,0,20180706
salon_odette,12,179,1,0,20180712
house_of_steel_093,12,919,12,2,20180718
tie_accessory,12,66,1,0,20180709
12.angeliaison.34,12,149,12,3,20180718
memoshop168,12,40,0,0,20180308
kukkaricaco,12,716,0,0,20180525
kinasaki09,12,118,0,0,20180602
box_evidence,12,4776,3,0,20180713
wafu_kimonogaragara,0,117,0,0,19700101
tantan2010_rianas_style,12,505,6,1,20180717
will_gallery,12,300,10,5,20180719
full_bros,0,0,0,0,19700101
finalbeatdowndistro,12,48,0,0,20170902
okyan_plus,12,1237,12,4,20180719
smasta_garden,12,268,7,1,20180718
cocoaru101,12,132,7,2,20180719
fuuyuuka_lyrical,12,1191,10,4,20180719
lowpowerworks,12,281,1,0,20180706
workbenchcoffee,12,2323,12,4,20180719
h_k_shop_official,12,141,0,0,20170127
zr6shop,0,52,0,0,19700101
onebasic_,12,692,0,0,20171227
nakaokacof,12,174,0,0,20180412
koshijicoffee,12,42,0,0,20180227
peace_trunk,12,32,0,0,20180228
123.mart,12,1728,0,0,20180629
xximsjnxx,12,15,0,0,20180527
sakano_garden,12,733,0,0,20180620
b.i.onc,12,164,2,1,20180717
yunyun.nigaoe,12,567,2,0,20180710
stureet,12,981,0,0,20180623
yamanoborimusician,12,4367,4,0,20180710
kazutaka.satou,12,107,0,0,20171206
early2ataru,12,124,0,0,20180616
den_portera,12,111,3,1,20180717
cicaco_sk,12,592,5,1,20180718
nihoncha_okamura,12,486,9,4,20180719
yuenterprise,12,157,2,0,20180705
nakamura3217,0,93,0,0,19700101
lily_neige,12,827,8,0,20180710
gracegroan,12,446,4,1,20180717
gypsygemstones,12,2801,0,0,20180430
cordialement,12,79,0,0,20180325
sunagaworks,12,255,2,0,20180711
poke.tokushima,12,4952,12,4,20180719
unithe_jp,12,295,12,3,20180719
whoopie_roux,12,316,12,4,20180719
kobe_flavor,12,41,5,0,20180701
kissmi_wakisaka,12,630,3,1,20180716
ubvctokyo,12,1345,12,1,20180717
pimentrouge210,12,496,9,3,20180718
_mar1una_,12,118,0,0,20180429
tombotencho,12,50,1,0,20180707
bikowoodworks,12,78,3,2,20180718
marimisono.cookies,12,50,0,0,20180205
milleamulette,12,303,1,0,20180708
michie_hoshina,12,711,6,1,20180716
sunshineartworks,12,434,1,0,20180709
maple_fam,12,348,0,0,20171130
ink.tokyo,12,171,2,0,20180709
pinkreligion_official,0,0,0,0,19700101
yoshikawamochi,12,146,4,2,20180718
haginosioya,4,3,0,0,20170929
enanopizaya2,12,79,0,0,20171114
kaisome,12,1111,7,2,20180719
199bnf,12,1149,4,0,20180715
_____ichi_____,12,111,1,0,20180714
chi98_t,12,297,12,3,20180718
balum.m,12,678,4,0,20180714
doopsclothing,12,147,0,0,20180504
m0tif.1208,12,78,2,0,20180706
gojuon_ginza,12,561,8,3,20180716
kuku_the_one_design,12,252,11,3,20180717
latinnotes.jp,12,3927,2,1,20180716
kuniken_ig,12,198,6,0,20180714
__muutos__,12,4130,9,0,20180715
minaeuematsu,12,349,1,0,20180701
_silyus_,4,537,1,0,20180707
nosari_kumamon,9,6,0,0,20170915
ngok16,12,900,1,1,20180718
cereal_koenji,12,1640,11,2,20180718
kyogudrddd,12,401,3,2,20180718
RFS_TENNIS,12,36,0,0,20180528
blaze_of_destroy,12,32,12,0,20180712
bestdayever.kaede,12,289,4,1,20180716
coffeeroasterie.KATANA,12,147,0,0,20180629
natsuki_sc7,12,17209,7,0,20180715
accessory.muw,12,742,1,0,20180701
e_ttun_,12,308,8,0,20180715
akichicribbon,12,453,7,1,20180718
capricemaimade,12,172,0,0,20170703
jouetfood,12,661,5,0,20180713
pal_punto,12,164,1,0,20180711
tea_ishimatsuen,12,114,0,0,20180627
kabukigao_keisano,12,569,2,1,20180717
neo.style.order,12,328,11,3,20180718
kawazaikerwr,12,270,1,1,20180719
kocchi0002,12,598,8,0,20180715
scotchbonnet_japan,12,438,3,0,20180715
_favoritebear_,12,801,3,0,20180711
pinetreebench,12,29,0,0,20170709
towatomo.as,12,4354,12,5,20180719
yamanekoya.theshop,12,8,1,0,20180706
iicoto.babygift.ehon,12,186,12,3,20180718
alwanmaroc,12,468,12,6,20180719
birdcamp_,12,1216,10,3,20180719
ao_madoca,12,51,3,0,20180710
kentokunnnn,12,51,1,0,20180702
ayumingo_q,12,2962,0,0,20180331
ak__2016,12,711,0,0,20180505
varbarossa,12,1456,0,0,20170614
mmm_made_m.tsujioka,12,339,12,2,20180718
lalajasmily,0,635,0,0,19700101
dotclds,12,218,5,1,20180716
stripes_yokohama,9,7,0,0,20160904
caan.ca,12,452,0,0,20180521
kaleyde_kana,12,769,7,2,20180717
7mama.qread,12,677,8,2,20180719
ayasansweets,12,1085,4,4,20180718
necorepublicikebukuro,12,1265,12,8,20180718
papier.papel,12,175,2,0,20180711
flot_sss,12,482,1,0,20180702
deco_can,0,14,0,0,19700101
y_haruno919,12,655,1,0,20180708
erina_34,0,15,0,0,19700101
kizzifabric,12,636,9,1,20180717
store.wanderlusterslife,12,14,0,0,20170830
livease.jp,6,14,0,0,20171104
tsukuriyayun,12,174,3,0,20180711
brooklyn_furniture,12,576,0,0,20180406
keipleasure28,12,1173,4,0,20180713
laniu_hawaii,12,271,0,0,20170724
littlevelvet_d,12,16,0,0,20161114
aloalomiki,12,487,8,2,20180719
nanala_design,12,1480,6,0,20180710
hwii0525,0,38,0,0,19700101
tas_sense_official,12,125,0,0,20171231
yumel.h.acs,12,1734,12,6,20180719
babna827,12,559,7,1,20180717
kaorin7266,12,156,1,0,20180706
thebluecounty,11,118,0,0,20180507
8__admirable,12,502,6,2,20180719
atsuhideyukumi,12,1376,12,0,20180715
office_seasow2,12,76,4,1,20180718
gosuikan,12,561,2,0,20180708
668banchi,12,471,8,3,20180718
maedasenko,12,83,1,1,20180718
haglobe,12,26,6,1,20180717
upset_hiroshima,12,1536,3,3,20180718
cafefua,12,376,8,0,20180712
kitchen.of.pet,12,597,12,2,20180717
al.mondo0127,12,2572,12,4,20180719
yuchin_y.c.n,12,532,2,0,20180714
yusshiiii,12,155,12,2,20180718
nakazonoyoru,12,157,6,2,20180717
___coto.oto,12,166,11,3,20180718
jams2009handmadestore,12,249,6,1,20180718
lino_stylex,12,259,0,0,20170531
sawitri_spirit,12,282,4,0,20180712
morris.miho,12,1380,12,3,20180718
ifk.farm,0,375,0,0,19700101
lovablegoblin_room,12,74,0,0,20180619
mulgatheartistjapan,12,1210,2,0,20180708
anthemum_vintage,12,55,0,0,20171229
_____petitpas,12,334,2,0,20180715
sunny_and_ringo,12,354,0,0,20180213
baubau,0,1,0,0,19700101
natur.yukari,12,4750,3,1,20180717
kiito_yun,12,2696,12,5,20180718
4u_fy,12,39,0,0,20180427
isostagram___,12,613,3,1,20180718
gardener.f.f,12,192,1,0,20180705
flowertarot,12,161,0,0,20180524
hotoku_no_mori,12,351,1,0,20180715
guruguruglass,12,922,3,0,20180712
necca.handwork,12,59,3,1,20180717
lilyofthevalley_333,12,154,1,0,20180713
oof_design,12,129,0,0,20170612
moccopooko,12,607,5,2,20180716
xxaazxx,12,165,3,0,20180711
marumekko_,12,2227,4,0,20180714
trois_portdor,12,54,0,0,20180408
jphata,11,25,0,0,20170314
maidoarii,12,2225,1,0,20180708
handyfallcollection,12,31,0,0,20180122
carriedaway_coco,12,2829,0,0,20180513
jorchidjewels,12,1766,12,12,20180719
melody.oxo.vintage,12,289,1,0,20180715
_nana_mi_,12,483,6,1,20180719
_satsanga,12,210,11,2,20180719
funyani,12,10464,3,1,20180718
escape_vintage,12,476,11,2,20180717
chinatsusunada,12,324,4,1,20180716
puapua_skk,12,769,1,0,20180712
emunana.jp,12,2156,12,2,20180719
chocolatmill,12,158,0,0,20180528
Andaganer,9,158,0,0,20170130
heren_r,12,2141,1,0,20180708
manimanium,12,1312,12,12,20180718
home.decorean,12,447,0,0,20180531
i.s.e_yuki,12,1098,0,0,20180607
bunkichiya,12,136,2,1,20180717
eriuhiroko,12,87,1,1,20180718
zi_da_ne_10_5,12,282,12,2,20180718
petit_cerfeuil,12,184,1,0,20180707
swantailor0,12,1467,12,5,20180718
reshoe01,12,46,0,0,20171213
kecilbali_osaka,12,593,6,0,20180712
hedgehog_harimaru,12,5590,4,1,20180717
mokumerecords,12,225,0,0,20180515
stardust_kana,12,33161,12,2,20180719
onomichi.ramen.daruma,12,33,0,0,20180409
MARIAATNOA,12,2748,1,1,20180719
alohabyzoom,12,96,0,0,20180629
gelato_ladolcevita,12,115,3,0,20180709
shop_okinio,12,16,10,1,20180718
sally_91_i,12,225,2,1,20180718
martha_sirene,12,251,2,0,20180706
rosy_tokyo,12,1678,4,2,20180718
cocoiro_room,12,375,10,4,20180719
Paddle_2012,12,227,5,0,20180715
septlumiere,12,65,0,0,20170915
bustacrew06,5,11,0,0,20170904
stuff_room,12,153,1,0,20180712
amour_jp,12,662,0,0,20180605
sakurasaku23,12,6477,12,2,20180719
dothepogo,12,75,4,1,20180718
neutral044,12,557,9,5,20180719
splende.it,12,615,4,1,20180717
__harch__,12,675,12,2,20180719
kujukogenkabo,0,7,0,0,19700101
lastdance_2015,12,688,1,0,20180715
akaitocoffee,12,758,12,4,20180719
hitsujinokaze_no_pan,12,127,1,0,20180707
adamgina_gallery,12,770,8,1,20180717
woolykun,12,94,0,0,20180107
mirufu2017,12,64,0,0,20180603
reward_interior,12,208,2,0,20180706
miyachann.k,12,428,0,0,20180628
yuma0500,12,338,0,0,20180421
felice__album,12,38,0,0,20180416
castella_note,12,972,2,0,20180703
full_figueroa,12,749,12,5,20180717
lop_80,12,1697,3,1,20180719
k_awayoshi,12,97,0,0,20180517
jamie__shop,12,212,1,0,20180703
cbd.natural.clinic,12,168,9,1,20180718
ronramstone,12,244,12,2,20180717
honnoh_genta,12,1770,6,0,20180715
lisa_morrienouk,12,117,6,1,20180719
bavoletful,12,140,0,0,20180506
eight_league_fukuoka,12,581,0,0,20180624
_and_ask,12,669,12,2,20180717
sabrina_walnut_st,12,1039,6,1,20180717
tipi_angel,12,216,0,0,20180511
tambayasai,12,244,7,2,20180719
flipperyuka,12,625,5,0,20180713
haapsack,12,1322,0,0,20180503
kids.gloovy,12,272,0,0,20180209
wedding_at_audrey,12,31,0,0,20180403
anela_liona,12,317,3,0,20180707
mamahada_jp,12,52,0,0,20180521
sekakuri,12,215,1,0,20180705
hiveswimwearjapan,12,163,1,0,20180705
5senses_collection,12,378,6,0,20180713
amagi_kohzanyoh,12,57,0,0,20170626
dolce_garage,12,232,3,1,20180718
asaimari,12,240,1,0,20180710
hachiiro.southosaka,12,51,1,0,20180710
proshop_hamada,12,150,0,0,20171010
marmalade__home,12,228,3,0,20180715
lucy3177,12,550,12,3,20180718
chouchou.km,12,198,8,1,20180716
omitanomizu_official,12,250,12,3,20180718
alpacanokyoudai,12,1357,9,2,20180719
selectshop.ishigaki,12,648,0,0,20180602
biro_woodworking,12,74,0,0,20180629
tuffrock,1,14,0,0,20170331
izumikawamacfly,12,341,10,2,20180717
naoya_0127,12,12287,8,1,20180718
fuse.japan,12,42,0,0,20171213
nananano.nano,12,87889,12,5,20180719
willow_shop,12,149,1,1,20180718
chocolateholic.r,12,553,3,2,20180718
lindo.yumi_i,12,295,4,0,20180701
cest_mignon_zakka,12,261,0,0,20180602
patissrie.oeuf,12,980,5,0,20180712
mayon___accessorys,12,650,12,7,20180719
melancholicsister,12,591,0,0,20180514
hanauta0728,12,447,1,0,20180711
tigermacrover,12,543,12,4,20180718
es_bake_works,12,132,2,0,20180714
plantstrade_official,12,3481,1,0,20180701
billk_mowa,12,308,1,0,20180715
littlethingsforlittleonestokyo,12,156,1,1,20180717
dummpuppe,12,26009,12,5,20180718
cuirdeson,12,527,1,0,20180702
g_yuncosandy,12,3031,7,1,20180718
5gatsudo,12,1399,10,1,20180716
pinoepalude,12,14,0,0,20180611
rangolibindijp,12,5,1,0,20180707
coffeebox2017,12,565,4,1,20180717
present_to_you,12,74,0,0,20180318
_monsroe_,12,97,11,5,20180718
pon__cho,12,40,0,0,20180601
coffee_roughnecks,12,852,12,2,20180719
lelienci,12,203,9,1,20180717
megumiiii615,12,124,12,2,20180717
mato_ya,12,235,6,1,20180716
Hobby_Wonder_land,12,64,0,0,20170528
ashley_reekome,12,809,12,2,20180719
artcocktail_osaka,12,125,12,4,20180717
kaede_lapin,12,802,1,0,20180707
awesome9.shop,12,133,3,0,20180709
kanjinoterakoya,12,134,0,0,20170516
miki_milkymart,12,765,7,0,20180711
__potiron__,12,399,5,1,20180716
_benir_,12,84,0,0,20180613
takahitosato,12,319,6,0,20180715
sol__original,12,87,0,0,20180219
twelveone.121,12,92,0,0,20180407
zakka_moko,12,1614,6,0,20180714
maffy.y,12,102,0,0,20180409
Reine__official,12,2418,0,0,20180211
neko_pantu,12,88,5,0,20180709
yoshihi_futana,12,869,12,0,20180715
onlineacacia,7,17,0,0,20180329
akanesas_football,12,337,2,0,20180715
icoasagiwa,12,515,0,0,20180619
hassyadai,12,1678,5,0,20180707
first_room_,12,274,0,0,20180623
piggies.t,0,0,0,0,19700101
woodfactory.aseru,12,128,0,0,20180403
cocovanillaicecream,12,373,1,1,20180717
masaki0409,12,52644,6,1,20180717
poupon__,12,924,2,0,20180705
_seaand_,12,395,1,0,20180706
lohasstyle7,12,3214,0,0,20180509
phinier_acce,12,110,11,0,20180715
yukikoji.gram,12,275,1,0,20180701
mycloset_0303,12,44,0,0,20180622
riverwellsbeauty,12,7,1,0,20180710
under_myspell,12,41,0,0,20180609
ayurworld.jpn,0,30,0,0,19700101
emvant,12,675,0,0,20170922
lapis_lazli_wedding,12,144,0,0,20180220
taishocoffeeroaster,12,742,12,3,20180718
circusfactory,0,4,0,0,19700101
rikayokomoriblog,12,365,12,4,20180717
react_official4,12,1076,5,1,20180719
anncrea,12,395,12,1,20180717
dolce_bita,12,103,0,0,20180429
simpttywear_,12,1165,0,0,20180514
libreange,12,46,0,0,20180616
bigamiclinic,12,2032,0,0,20180601
eskapua.jewel,12,98,4,1,20180716
happyringforcolors,12,203,12,3,20180719
dropper_japan,12,807,0,0,20180621
senkamasu,7,35,0,0,20170622
kayocompose_art,12,92,2,0,20180715
tribejapan.2017,12,1814,0,0,20180606
mole_loungewear,12,228,0,0,20180214
select_sss,12,1138,6,0,20180710
rays.kyoto,12,339,1,0,20180702
mmnyan222,12,101,2,0,20180714
yattoco.handmade,12,603,12,3,20180718
nuit_bijou,12,302,0,0,20180315
u.alt_0204,12,34,0,0,20171219
noirnoiraccessories,12,67,0,0,20180422
jeema_world,12,114,1,0,20180704
i_am_unisan,12,447,12,1,20180718
mi_wa.hs,12,505,0,0,20180610
blueblue84,12,533,2,0,20180714
peacock_9983,12,496,0,0,20180623
ensoleille._,12,165,0,0,20170905
plus_wan_,12,284,12,3,20180718
monokana.official,12,39,0,0,20171215
milli_vintage,12,5262,11,1,20180717
selectshop_uriel_,12,104,0,0,20180317
sakura_syoukai,12,282,0,0,20180622
monyochita,12,1754,7,1,20180718
aoyagikaoru,12,210,2,0,20180711
akihiro_sumiyoshi,12,573,1,0,20180714
tadayori.sakai,12,230,0,0,20180426
graffiti2011,12,204,1,0,20180712
calme_dog_wear_,12,349,0,0,20180509
atz77kaz,2,2,0,0,20170905
iuarrows,12,44,0,0,20180625
cocoro276,12,798,9,2,20180718
kikiko115,12,575,2,0,20180707
suisounokujira,12,77,0,0,20180301
mocolier,12,110,4,0,20180715
lovers_wedding,12,1095,0,0,20180527
asoogunisugilab,12,468,1,0,20180705
nanasora_kids,12,150,2,1,20180717
mr.littleplanet,12,495,0,0,20171115
sola_i_solen,12,460,10,4,20180719
power_tokyo,1,0,0,0,20180514
monfavori214,10,24,0,0,20180621
maruru3y,12,149,0,0,20180309
jun.sweet,12,474,2,0,20180709
pinkstudio1994,12,197,0,0,20180429
eternite.vintage,12,767,1,1,20180719
handmadebag_pagot,12,126,8,0,20180714
asselect710,12,181,0,0,20171215
handwanko_chie,12,228,9,2,20180719
astrojemimas,6,8,0,0,20170411
hachibayayurharbsri,12,6108,0,0,20180621
drops.box,12,2125,3,1,20180719
yukarikomatsuzaki,12,717,10,0,20180715
photogenique__,12,1414,8,3,20180719
flora.r.shop1,12,59,0,0,20180227
513moment_for_kids,12,263,0,0,20180404
ehamakana,12,21,0,0,20180306
hiroki_inoue_northern,12,8256,4,1,20180719
hajimetesangokushi,9,113,0,0,20160904
novum.watch,12,438,0,0,20180630
first.fruits,12,172,0,0,20180328
mksts.accessory,12,445,0,0,20180413
carte.official,12,41,5,1,20180716
cocoa_3715,12,15,0,0,20180629
mcflyrecords_jp,12,28,0,0,20180101
_____umu,12,214,6,0,20180715
seven71one_select,12,55,0,0,20180402
anos_roasters,12,145,0,0,20180515
alatsubasa,12,510,6,1,20180718
cocostone_jewelry,12,767,0,0,20180614
leather_aqulia,12,179,1,0,20180705
rayca_funnybunny,12,2411,0,0,20180621
watanabemokkougei,12,71,1,0,20180707
QUICKOOL90,12,113,12,9,20180719
mountainwalker14,12,14,0,0,20180103
just_gomyway,12,191,0,0,20180630
_chamoli,12,48,7,0,20180714
alaula_mariko,12,492,12,5,20180718
heymama_tokyo,12,307,9,0,20180715
lucia.888,12,693,0,0,20180524
holocoffeeroaster,12,38,0,0,20180624
lightmeup.japan,12,3455,11,5,20180717
hauoli_miki_,12,4480,7,1,20180717
gelyasan_mikaribbon,12,475,12,9,20180719
breedtaieikaen,12,1362,12,3,20180719
fairy2011.kobe,12,243,3,1,20180717
lalaena879,12,810,8,3,20180718
oryns_,12,35,0,0,20171212
luxisselection,12,302,0,0,20171201
akanepoyon,12,444,1,1,20180718
tokyorice,12,593,0,0,20180627
hono_tojin,12,1196,3,1,20180719
fcbenevo,12,4809,4,1,20180717
kiss__tokyo,12,310,2,1,20180719
wakagenoitaly,12,322,0,0,20180627
top.notchi,12,1118,0,0,20171013
jamboxparlour,12,382,2,0,20180715
adom_tokyo,0,21,0,0,19700101
sii_etoile,12,610,12,4,20180718
chiaboost,12,488,0,0,20170921
karin2122,12,12984,0,0,20180521
go.rock.7th,12,1589,0,0,20180306
hatchiarmbands,12,39,0,0,20180615
t4beachclub,12,2957,0,0,20171204
xmoaleax,12,77,0,0,20180611
takeokina,12,75,0,0,20180628
hokubeiyarou,12,2124,4,2,20180718
Ms_yarn,12,174,3,0,20180714
voyage.for.lala,12,28,0,0,20180214
jun.horoscope,12,151,2,0,20180706
crazyabout4649,12,80,0,0,20180619
uan_osaka,12,387,11,0,20180713
goldcrown3342,12,123,0,0,20180521
ami_yogastyle,12,510,0,0,20180618
makibue4run,12,46,0,0,20180617
konawinds.life,12,683,9,0,20180714
irodorialbum,12,198,4,0,20180713
meocco,12,35882,8,3,20180718
sugisakimasanori,12,5065,8,4,20180718
ri_ki_year,12,2671,7,1,20180716
prefere_aco,12,238,2,1,20180718
syu_official,12,4077,12,6,20180719
cotona_333,12,301,0,0,20180613
sora201704,12,272,12,5,20180718
cuddlydominion,12,358,2,0,20180715
esma_1210,12,128,1,0,20180706
izumiyamasaki_official,12,235,1,0,20180703
cochococho_kyoto,12,51,1,0,20180706
mademoisell.yoko,12,127,2,0,20180704
cafe_do_toyo,12,91,0,0,20180121
mimia217,12,871,0,0,20171209
despair_shion,12,8,0,0,20180505
yamaji_mami,12,785,1,0,20180702
beetzlibrary,12,278,4,1,20180716
mth.select,12,408,0,0,20180609
groundstarplus,12,623,4,0,20180712
peche_shimokitazawa,12,267,2,0,20180712
beautycatalyst.naomi,12,1794,12,6,20180719
iluz47,0,220,0,0,19700101
__merrily_s__,12,27,0,0,20171007
nyctophilia_jp,12,165,0,0,20180614
hamadaippei,12,706,12,2,20180719
lilascherie_fashion,12,895,0,0,20180103
handmade_lilys,12,36,0,0,20170719
asukakoubou,12,515,7,1,20180716
hellobiscuit.shop,5,2,1,0,20180704
artdaifuku,12,363,12,6,20180719
choco_mint30,12,288,0,0,20180602
forreststorejp,12,49,0,0,20180513
maco.decadeau,12,129,1,0,20180707
misa.handmade,12,64,0,0,20180604
chouchou_zakka,12,145,1,0,20180702
nicoflower_shop,12,382,0,0,20180419
venom_lure,5,179,0,0,20180508
am_desu,12,123,1,0,20180713
sachiopiacoffee,12,1265,6,0,20180714
mi.acc_,12,37,0,0,20180504
hanko.sanbido,12,16,0,0,20180209
248turbo,12,815,2,0,20180711
haruhimagram,12,222,12,1,20180719
_____awihi,12,179,0,0,20180123
pc.1banbo4,12,63,0,0,20180411
atelier_lab,12,3457,0,0,20180626
lumina_sao,12,266,6,2,20180719
1mt_mt2,12,350,10,2,20180718
mocaplus,0,2,0,0,19700101
shiro_dashi,12,7367,12,3,20180718
zoo.handmade,12,133,2,0,20180712
m_and_accessories,12,112,12,0,20180715
worldmark.2500,12,53,0,0,20180613
snack_yoko,12,143,0,0,20180618
konikoni917,12,134,1,0,20180711
gumer1706,10,17,0,0,20170814
samurai.pic,12,763,12,4,20180719
syubisya,12,619,1,0,20180714
allmeru.allmeru,12,232,0,0,20171119
cafe.ins,12,517,0,0,20180326
ilachica_pan28panda3,12,669,10,3,20180719
fryuifryui,12,174,12,1,20180719
dh92_official,12,51,0,0,20180530
__u_nil,12,59,1,0,20180715
hdc.outdoor,12,196,3,0,20180708
sumire_atelier,12,61,0,0,20180124
ah_n__,9,420,0,0,20180622
patisserie_yuinohana,12,198,1,1,20180718
hanamusubi88,12,1289,0,0,20180526
tsukurico_official,8,19,0,0,20171111
tesoro1204,12,74,0,0,20180425
popcorner.japan,12,49,0,0,20180501
norikids5,12,167,10,5,20180719
anela.chappy,12,177,6,0,20180715
ekodanogarakuta,12,2932,12,5,20180719
femico_ei,12,777,6,2,20180718
cherrystaaar,12,69,0,0,20180619
unpeu_rebond,12,313,7,1,20180718
xx_xy_tokyo,12,5070,0,0,20180621
plaisir_staff,12,993,0,0,20180627
accessory_vega,12,131,2,0,20180713
kanyamiki,12,5537,9,3,20180719
makana5525,12,89,0,0,20180421
shopFLAZ,12,63,4,2,20180718
sun_dove_diner,12,1019,12,4,20180719
onceuponatime_aoyama,12,1469,2,1,20180717
nailoom.shop,12,80,0,0,20171220
bonsairecord,12,293,5,1,20180716
hirochikamachida,12,1793,12,5,20180718
lurimo_harimo,12,82,0,0,20180624
karakaze_to_hana,12,2095,9,2,20180718
morals.morals.2017,12,132,12,1,20180716
kawasho_matsumoto,12,736,7,2,20180717
ohiokidsminato,12,540,5,0,20180712
w_flat,12,803,12,3,20180719
koko57428,12,233,0,0,20180609
mural_lily,12,604,0,0,20170730
letteringavenue,12,777,12,5,20180719
yuuki_candle,12,280,0,0,20171224
cocoboo_select,12,96,0,0,20170814
nouson.marche,4,7,0,0,20171106
dreamdrive45,12,307,0,0,20180429
home_roast_hiwahiwa,12,65,1,0,20180715
wc_johnny,12,3201,12,0,20180715
yume__end,12,774,0,0,20180624
mochizuki_miki,12,837,3,1,20180716
bible5090,12,1231,10,2,20180717
karappo_ya,12,261,11,1,20180718
bmsally729,12,8233,12,6,20180718
obon_nagoya,12,262,8,1,20180716
swing_street_cafe,12,68,3,0,20180713
hilokit,12,848,0,0,20180503
angeroom1,12,160,0,0,20171103
Jewelry_brand_or_,12,116,5,0,20180714
granoladays,12,114,0,0,20180628
klafterselect,9,38,0,0,20170725
autumnflower_i,12,754,12,1,20180716
__selectshop__selfless_love,12,258,12,5,20180718
thingdubthings,12,322,0,0,20180622
calm_sea_closet,12,25,3,1,20180717
brillante_accessory,12,481,0,0,20180318
stimpack.jp,12,108,0,0,20180215
scorilly,12,56,0,0,20180623
kohakoha222,12,994,4,0,20180715
dcp_inc_accessories,12,41,2,0,20180714
_new_deer,12,443,0,0,20180428
opera17vintageselect,12,52,3,0,20180711
jammoca0601,12,104,0,0,20180415
musume.kusumike,12,802,3,0,20180715
aceusedclothing,12,252,8,0,20180715
zozorabbit2017,12,22,0,0,20170909
flow_wing_style,12,597,0,0,20180309
amblinmini,12,907,12,4,20180719
del_hits,12,295,7,4,20180719
andbouquet.shop,12,204,1,0,20180705
yamaiki_ichi,9,37,0,0,20171213
kawadokobo,12,146,2,1,20180716
37camp,12,94,1,0,20180703
SisterJuliet,12,226,4,2,20180716
masashipass,12,1619,1,0,20180704
litalico_shop,12,60,0,0,20180201
stark.official2018,12,388,12,2,20180717
rhinestone8008,12,31,0,0,20180406
etoie1127,12,153,6,2,20180719
uggaust1974,12,51,0,0,20180623
sidewalk.ono,12,98,12,5,20180719
triumph_yokohama,12,162,3,1,20180716
aki.820,12,814,2,0,20180708
funky_pop1125,12,414,12,8,20180719
antique_zakka_cherir_919,12,396,10,2,20180717
selectshop_queenssecret,12,201,2,0,20180715
tapiocaz_taiwan_anime_shop,12,249,4,0,20180711
ayanonhawaii,0,490,0,0,19700101
nishi_akiland,12,485,2,1,20180716
lovecocoa_japan,12,125,12,4,20180719
nagatomonouka,12,145,4,1,20180717
miu_itoh,12,3154,12,3,20180718
character_ag,12,320,12,2,20180719
kataoka_farm,1,17,0,0,20171108
merrys2015,12,215,0,0,20180624
c_o_l_o_r_c_o_l_o_r_,12,85,5,4,20180719
boutique_neon,0,46,0,0,19700101
miss_locket,12,1577,3,1,20180716
masataka813,12,67,3,0,20180714
rakthai_lincii,12,27,1,0,20180715
ricca2514,12,221,2,1,20180717
meubebe_1014,12,177,3,1,20180717
ek_0101,12,438,12,8,20180719
blairaccessories,12,354,3,2,20180719
bananafishclothing,12,2607,12,2,20180718
chambrette.kmp,12,527,12,2,20180718
praysjewels,12,299,12,3,20180717
pas_a_pas2016,12,212,0,0,20180618
books_and_modern,12,436,8,1,20180718
MW_emleu,12,192,3,0,20180708
en1002___,0,124,0,0,19700101
ones_truth,12,257,5,0,20180713
ukietpon,12,91,3,0,20180715
sakura_pluto,12,3289,11,2,20180718
uranaiharuka_fukusimanohaha,12,361,7,1,20180717
takaitocoffee,12,114,0,0,20180530
tarui_yusuke,12,544,12,1,20180718
bless_hand,12,319,1,0,20180706
omusubiflowers,12,315,5,0,20180715
wakuwakujam,12,412,0,0,20180403
jewelrynuts,12,206,6,1,20180719
24fragrance_inc,12,349,3,0,20180713
risakato0215,12,210,12,4,20180719
ku_umi0802,12,431,6,0,20180714
miki_aoya,12,479,2,0,20180710
runpoke,12,178,0,0,20180624
penshopimai,12,2285,0,0,20180611
goennosuke,12,2520,12,5,20180719
blair.select,12,238,0,0,20180530
squeeze2017,12,81,9,0,20180714
poseriwaki,12,282,3,0,20180712
mimi_kazari,5,55,0,0,20171215
fast.baby_kids,12,821,0,0,20180312
marsa0906,12,447,0,0,20180301
akmovement.official,12,371,2,1,20180718
unpont.com_,0,8,0,0,19700101
lihua.lumos,12,413,12,5,20180719
fods_sc,12,49,1,0,20180710
kentarosakauchi,12,236,2,0,20180713
pencake15,12,233,1,0,20180706
0550fifty_fifty,12,177,6,0,20180705
anys_ramp,12,775,9,2,20180716
monaca_coffee,12,236,3,1,20180718
konaco3,12,318,1,0,20180701
sittingbull_kobe,12,2359,12,4,20180719
savonfutur,12,1333,12,3,20180718
epicbazaar,12,504,8,1,20180717
regalo_baby,12,567,0,0,20180213
atelier_s111,12,455,12,3,20180719
i__do__wedding,12,293,0,0,20180610
emmadechoeur_official,12,899,2,0,20180709
KeRoll_official,12,546,3,1,20180718
mizuho_yoshida,12,190,3,2,20180718
lufmonet,12,258,4,0,20180708
maroa_coco_net,12,2432,7,2,20180717
mensmelrose_h,12,2005,12,6,20180719
moani.special_life,12,7308,12,9,20180719
satohirotaka1129,12,316,2,0,20180705
poeasy_vintage,12,197,12,4,20180717
ahmilly_shop,12,61,0,0,20171108
candymakesyoustrong,12,456,0,0,20180630
mimo.selectshop,12,114,0,0,20180611
cruxpark,12,785,5,2,20180718
office_plan28spice,12,479,4,1,20180717
circle_hat,12,1094,8,2,20180718
shirokumaizm,12,30894,7,1,20180718
__viodure__,12,180,3,0,20180707
tres_jolie_077,12,1003,0,0,20180221
takita_shoes,12,142,8,2,20180719
spread_buyshop,12,130,0,0,20180629
nichibunkyo,12,146,1,0,20180702
freakpiece,12,259,10,1,20180716
byhighland,12,89,1,0,20180714
revived2426,12,4728,1,0,20180704
mimimaru55,12,7447,12,5,20180719
select_lune,12,402,10,4,20180719
act_64,12,122,0,0,20180527
anniversary.select,12,387,0,0,20180605
takacha_official,12,2016,5,0,20180715
woot_snowboard_park_school,12,1171,12,4,20180718
mg.rize_4153,12,173,0,0,20180630
loabel.life,12,689,5,1,20180717
mmymselect,12,310,0,0,20180614
masashiigari,12,716,10,3,20180718
elly5coco,12,45,0,0,20180420
aroma_nagi,12,40,0,0,20180629
editta.japan,12,192,1,0,20180710
kurashi_no_mori,12,2536,12,2,20180717
nonno_flex,12,2571,4,0,20180709
thegrandpillow,7,61,0,0,20170908
shikiko_onlinestore,12,132,1,0,20180701
bustaskill,12,2303,3,0,20180706
kaon1_,12,151,2,0,20180711
macrame_serendipity,12,2335,3,1,20180716
pulic_shop,12,2879,1,0,20180712
le_lien_11,12,738,0,0,20180608
kamehama_takashi,12,518,12,7,20180719
_hoshikui_,12,88,1,1,20180716
makana.a24,12,70,10,2,20180716
aicocoscrap,8,47,0,0,20180626
zoo.specimen,12,240,2,1,20180718
zundareofficial,12,1363,0,0,20180612
cuore_556,12,475,1,0,20180702
asahi_to_yuhi,12,450,1,0,20180709
goodnightogata,12,345,12,4,20180718
ma_natula,12,258,12,3,20180719
spread_snow,12,4600,0,0,20180629
herbalshopadhara,12,218,7,0,20180715
hypermilk,12,731,0,0,20180126
saraba.seijaku,12,1169,0,0,20180527
commeparis,12,438,0,0,20180614
mimi.and.merrybon,12,114,1,0,20180712
_erkmb_,12,731,3,0,20180715
adoka0208,12,115,10,1,20180716
kumagree,11,21,2,0,20180713
iro__iro__,12,811,12,3,20180718
hexis_onlinediet,12,2035,0,0,20180501
second_living,12,255,11,2,20180718
mggm.3415,12,723,0,0,20180629
kakavaka_nagoya_,12,4074,12,4,20180719
gemmafolia,12,421,12,2,20180719
ren.11.05,12,1462,5,1,20180718
gummygummy1107,12,426,0,0,20180615
mosaic_jp,12,33,12,0,20180708
miyu_8080,12,117,0,0,20180629
harika_krd,12,130,12,4,20180718
mumumu_sp,12,354,12,10,20180719
naty.zakka,12,343,10,2,20180717
onokoujiten,12,431,3,2,20180719
keitoyaoon,12,263,1,0,20180702
sweet_godot,12,102,3,0,20180704
purelamo_official,12,34029,12,7,20180719
rizu12m,12,380,1,0,20180713
erbenmu0629,12,943,3,1,20180718
movement.jp,12,119,1,1,20180717
swim_swag2016,12,268,0,0,20180609
sekine_nouen,1,87,0,0,20171104
jino.toy,12,167,9,1,20180717
___kokeco___,12,1878,0,0,20180518
miyaramakico,12,386,0,0,20180624
misato.t_y,12,167,3,0,20180715
magari_books_2,12,116,12,5,20180719
sri__anna,12,179,12,3,20180719
tita_rico,12,221,0,0,20180626
unerobeme,12,1746,4,0,20180715
honeypop1985,12,43,0,0,20171208
t_s_u_g_e_2ge,12,283,12,3,20180718
millvalley_tokyo,12,440,12,8,20180719
tsuchinokonokozjapan,12,265,0,0,20180618
maindish,12,1314,0,0,20180614
hibikino_denshi,12,136,7,1,20180718
albero_sacro,12,280,1,0,20180703
sayunobake,12,1799,12,5,20180719
bontique__,12,225,8,6,20180718
_cotesunday_,12,68,0,0,20180408
katayama_aco,12,800,4,0,20180714
harunayamaguch,12,602,12,3,20180718
marmo___,12,819,0,0,20180423
akiaki_h,12,419,0,0,20180625
curry_nagomiya,12,225,0,0,20180331
materiatools,12,987,0,0,20180227
sappuyer_tokyo,12,104,0,0,20180612
colorful_dress,4,162,0,0,20180117
naotadachi,12,3230,12,3,20180718
reflection_nanasaki,12,1706,0,0,20180626
francesca_handmadeshop,12,77,3,0,20180714
rayaccessories.wsk,12,108,12,3,20180718
mare__jp,12,764,0,0,20180620
anzieroom,12,247,7,4,20180719
sherry.byme,12,370,0,0,20180222
ranran_fashion,12,476,5,0,20180712
megumi_dama,12,77,2,1,20180719
aleesha_no_hikari_no_niwa,12,124,1,0,20180706
contenavintage,12,1235,4,1,20180717
lavillecollection,12,100,9,2,20180718
mieishii_official,4,79,3,0,20180705
Cream_jp_official,12,310,12,2,20180718
emable,0,0,0,0,19700101
maltie_company,0,1,0,0,19700101
_chouchou._,12,15619,12,1,20180717
mays_mart,12,802,0,0,20180525
vintage_clothing_cher,12,924,3,1,20180718
viewn_news,12,93,1,0,20180707
63_jun3th_,12,400,0,0,20180616
veicar_official,12,527,6,6,20180716
hakubasouvenirmountain,12,185,0,0,20180616
zakka_tambourine,12,513,12,3,20180719
dekiru.dekiru,12,1456,1,0,20180703
vanillaya_official,4,4,0,0,20180313
hoshina_haru0106,12,535,0,0,20180602
mokera_band,12,72,1,0,20180701
maluko_handmade,12,130,0,0,20180611
munpa.6080,12,93,11,10,20180718
angle_store,7,12,0,0,20171221
katacoto_sha,12,258,0,0,20180615
une_graine,12,529,12,8,20180719
miwa0japan,12,24485,4,0,20180712
ambroom17,12,204,12,4,20180717
otokonouta_magazine,12,130,0,0,20180604
butterflyyogi.jp,12,1323,0,0,20180618
pyromania_espresso,12,30,0,0,20180603
am.ina.pm,12,668,2,0,20180709
magnolia_handmade.m,12,464,4,1,20180716
kids_petite,12,57,0,0,20180620
hau___oli,12,166,4,1,20180716
airan.05,12,115,0,0,20180630
kintoto_rec,12,115,0,0,20180610
mogura,12,866,12,3,20180718
makomo800,12,988,12,0,20180715
azuma.78tp,12,520,9,2,20180718
soy_town,12,145,7,1,20180716
akimotocoffee,12,2610,12,4,20180719
le__magnoliafleuriste,12,341,1,1,20180716
malt_vintage,12,216,1,0,20180706
miel_closet,12,1168,0,0,20180531
scandinavia.red,12,233,4,0,20180714
Moonshotgears_info,12,314,7,1,20180716
new_oil_deals,12,109,1,0,20180701
tsushinyan,10,367,0,0,20180113
sfy2017mb,12,271,9,1,20180716
ToantreRi,12,1673,12,2,20180719
lagraine201607,12,710,12,4,20180719
sejelu_official,12,299,0,0,20180304
nippondanjijp,12,2059,12,2,20180717
kumako365,12,8388,5,2,20180719
odeyu86,12,10582,12,3,20180719
throttle_wafful,12,32,0,0,20180529
tokyo.producers.house,11,214,0,0,20160924
0408babyleaf,12,79,11,3,20180718
haruka.sakurai41,12,407,0,0,20180622
beautysalonmy,12,92,0,0,20180610
yuuri__123,12,1268,2,0,20180702
vlook_store,12,122,6,0,20180713
handmade_kiyu,12,36,0,0,20180127
photocouture_official,12,96,0,0,20180208
florilege82,12,139,12,2,20180717
wajiya_kanazawa,12,196,2,0,20180703
magicon.kobe,12,302,0,0,20180521
monstown,12,75,1,0,20180715
asa.210,12,1007,9,1,20180718
ayaminn_,12,185,12,0,20180710
holycamelp,12,174,3,0,20180702
aruikimono,12,154,3,0,20180709
babyme.babyme,12,257,0,0,20180306
rompgarden.ma,12,270,0,0,20180621
kanazawapacks,12,108,1,1,20180716
chacOrange,12,105,8,2,20180718
zizania_worldbeauty,12,1736,0,0,20180611
biobeauty.cosme,12,7,0,0,20180504
satoshl_official,12,902,11,2,20180719
star_lets,12,518,8,1,20180718
mitchyuki001,12,95,0,0,20180514
iz17.jp,11,11,0,0,20180607
meguzou,12,867,5,1,20180716
petit_kicco,12,131,8,2,20180719
ishikabakun,12,1256,10,1,20180718
zuiu.driedflower,12,28,1,0,20180706
hanasouvi,12,135,1,0,20180701
saori.komatsubara,12,485,12,0,20180715
cibi_tokyo,12,3403,9,4,20180719
reptilegarden2017,12,120,7,0,20180712
sun2closet,12,364,0,0,20180616
chiaki7049,12,326,1,0,20180715
sueyoshiseichakobo,12,79,0,0,20180616
karimizu_dejima,12,416,10,0,20180714
depend_official,12,170,1,1,20180717
julius.babykids,12,47,0,0,20180601
aixknn,12,70,0,0,20180601
ahummarche,12,1007,12,2,20180719
sayakamasuoka,12,720,4,0,20180715
iraminaaaaaa,12,621,6,0,20180714
kiminoria.shop,12,85,7,2,20180719
h.matsugashita,12,577,3,0,20180712
ashinaka,12,366,0,0,20180406
laube_accessory,12,1211,0,0,20180516
ame.handmade,12,224,5,2,20180717
yuzo_ishida,12,3596,12,1,20180717
mimima.shop,12,87,0,0,20180517
scandinavian_shelf,12,97,2,0,20180702
hashibamivintage,12,779,6,2,20180718
riria_leilani,12,4355,12,12,20180719
maro.0718,12,796,12,8,20180718
kagurazakaplus,12,539,9,1,20180719
creambaseshop,12,108,0,0,20180302
jooo_thumb,12,387,0,0,20180625
to_to_10_17,0,414,0,0,19700101
wasanbon_wansanbon,12,168,5,1,20180717
caplicexx3,12,153,2,1,20180719
meg_merry0523,12,400,0,0,20180404
koihamamono,12,191,1,1,20180717
ofgolddusk,12,59,0,0,20180324
assc__official_hiroshi,12,733,12,4,20180719
ueuhm,12,124,0,0,20180604
scarynoon,12,257,4,0,20180714
hideyamoto,12,474,0,0,20180615
austere.co,12,41,0,0,20170117
ayane_333,12,61,1,0,20180702
boubutu_haru,12,130,1,0,20180713
may_bookcover,12,36,0,0,20180227
tiyokoillust,12,531,8,4,20180719
ki13ki13,12,71,0,0,20180324
yoshikomyideallife,12,2036,7,1,20180716
oyasumi.nono,12,207,0,0,20180605
tomoyakiba,12,685,2,0,20180710
basement_bloom,12,307,9,1,20180717
_kagetora.628,12,763,8,0,20180710
mountain_etsuko,12,23,4,2,20180719
nihonneko7,12,106,8,2,20180718
erin.s_selectshop_,0,2661,0,0,19700101
plus_mignon,12,90,0,0,20180503
romerotrade,12,139,4,2,20180717
littlerexofficial,10,1162,1,1,20180719
majiacarina,11,220,0,0,20180325
regalo.kaori,12,4856,12,3,20180718
temporary_boutique,12,248,0,0,20180623
shokotaso,10,1,0,0,20130221
chi.co0609,12,1192,3,3,20180719
modaladian_shoesshop,12,55,2,1,20180719
nunc_official,12,368,3,0,20180707
riekim,12,2610,12,8,20180719
chiharu_482,12,276,6,3,20180716
rami_hoshinomiya,12,79,2,0,20180710
masumi.washo,12,1578,7,2,20180719
raro_accessory,12,1126,12,2,20180717
429aki,12,378,12,1,20180717
tokyogirly_official,7,295,0,0,20180608
OtaruIchifuji,12,40,0,0,20180625
goddess358,12,1467,0,0,20180410
bempet_japan,12,24,1,0,20180712
emiishida.makemi,4,27,1,0,20180702
youngsavagecoco,12,5198,3,1,20180717
pulehina,12,58,5,1,20180719
miu_rairai,12,603,9,0,20180715
minamiyonokidsangel,12,28,1,0,20180703
earthworm_japan,7,12,0,0,20180423
blueroom115,12,352,0,0,20180629
wahu_nagiya,12,10,0,0,20180613
ishibashi.electronics,12,14354,0,0,20180616
wazuka.kunka,10,98,4,1,20180717
iimio,12,549,1,0,20180707
mino_ice_mino,12,897,12,2,20180719
simp.life,12,908,1,0,20180715
kunatoryu0204,12,42,2,0,20180714
one_off_buyer,12,80,0,0,20180618
miikafraise_acc,12,56,1,0,20180702
sara_terunuma,12,1562,0,0,20180605
kartelltokyo,12,146,3,1,20180717
anastasio0808,12,214,0,0,20180419
zanpangram,12,108,0,0,20180414
the_3_design,12,580,0,0,20180515
yoshinon_base,12,184,0,0,20180607
aquagarden12,12,101,0,0,20180627
ublukcy,12,110,0,0,20180421
mau_akaaka_kids,12,320,4,0,20180712
mimi_3.3_,12,157,0,0,20180531
throwback__2000,12,220,3,1,20180716
makichang55,12,1407,10,2,20180717
blooming.babyandkids,12,285,0,0,20180603
achell.swimwear,0,618,0,0,19700101
cray_me.acc,12,191,1,0,20180701
jasminekids2018,12,387,1,0,20180706
tickledpink_jp,12,130,0,0,20180621
remmy_buu,12,303,5,3,20180719
genie_tokyo,12,424,0,0,20180622
romclothingrom,12,203,4,4,20180719
honeoyaji,12,95,3,0,20180712
_marucoro,12,1389,8,3,20180719
natsu0217j,12,748,10,1,20180716
kanahiiii,12,102,3,1,20180717
lefty_hiroi,12,809,12,7,20180719
xxcapybarafunxx,12,169,0,0,20180522
medamayakidoll,12,95,0,0,20180314
dab_hair,12,11923,9,1,20180716
docan.kohta,12,342,10,2,20180718
theera2018,12,349,0,0,20180611
shtil_il,12,84,0,0,20180628
perfumer_nobuya,12,138,0,0,20180614
totten_totten,12,26408,12,4,20180719
urbancacaojapan,12,126,5,1,20180716
selefeel.art,12,2629,0,0,20180628
kotorichan_dayo,12,985,4,0,20180706
nikusubrow_2016,12,334,12,0,20180715
scgr_japan,12,192,0,0,20180623
Dorothy.Clothes,12,176,0,0,20180511
badass.co.jp,12,96,0,0,20180325
miico2391,12,21,0,0,20180504
noiva5015,12,129,2,0,20180711
swag.market.jp,12,3787,10,4,20180718
yasutakefa,9,15,0,0,20180605
matsuko0621,12,518064,12,10,20180719
jun_006,12,570,11,3,20180719
syrinx_chigasaki,12,530,2,0,20180703
ohana_sora,12,20,0,0,20180428
_hipo__,12,124,0,0,20180621
bearfactoryfuk,12,76,3,1,20180716
_b_l_a_c_k_m_i_n_d_,12,49,3,0,20180701
raykajp,12,334,1,0,20180705
7fashion_foryou,12,118,0,0,20180609
mer_citron,12,144,10,1,20180716
usabamon,12,139,10,0,20180715
maruyama_tty,12,2105,4,0,20180715
usagiui,0,105,0,0,19700101
birdcage_hoei,12,538,4,0,20180712
felixy,12,261,1,0,20180701
_ug,12,4325,1,1,20180717
akyuu.handcrafted,0,7,0,0,19700101
__nanapgram__,12,60633,12,6,20180719
mishuku1surf,12,847,8,2,20180718
kyoko_nanba,12,112,7,1,20180716
kamigaki_official,12,20,1,0,20180702
empire.clothing1988,12,127,1,0,20180705
hajimaru_art,12,182,3,3,20180718
shirobenradio,12,70,2,0,20180714
yellow_rompers,12,1455,12,4,20180719
iiberal,12,515,0,0,20180624
yakuzenshi,12,125,4,0,20180713
uchukurage2,12,320,12,4,20180718
la_eln2018,12,37,0,0,20180606
mashiro_shirakami,12,223,0,0,20180615
chillhousejp,12,153,4,0,20180714
beadspush_art.yuki,12,41,0,0,20180418
pechimoto,12,47,0,0,20171114
riliartoriginal,12,159,6,2,20180716
alpha_plus_select,12,1170,12,3,20180716
harajuku_minmin,12,3824,12,1,20180716
truckyosakoi,12,712,12,2,20180717
oldrookieofficial,8,125,1,1,20180717
misakixxa,12,1173,2,1,20180717
honoka_illustration,12,2094,12,1,20180716
ks_papa_lure,12,78,5,2,20180719
nagisane_store,11,45,1,0,20180713
taka8taka,12,1883,0,0,20180407
uruwashihanaten,12,264,4,0,20180710
mainichi_kichijitsu,12,560,12,0,20180713
flower.salon.karen528,12,188,12,5,20180719
penguin_tsubasa,12,362,9,4,20180718
shun.kikuta,12,896,9,3,20180719
kraby_zna,12,88,11,6,20180719
valite_official,6,170,0,0,20180415
maiacatam,12,369,5,1,20180719
ruedeboy,12,170,6,0,20180715
n.mimiu__,12,1263,8,0,20180714
samuraiapartment,12,904,12,0,20180715
hermana_de_moda,12,70,10,3,20180718
taku.k25,12,1517,0,0,20180518
ryoko3065,12,646,7,1,20180718
goodfeeling313,12,61,0,0,20180418
keetgakki,12,521,2,0,20180708
uri.gero,12,182,0,0,20180621
jun_t_0110,12,2126,1,0,20180713
celli_botti,12,172,5,2,20180717
aruto.accessory,12,67,9,1,20180719
mosaic404,12,137,2,0,20180715
heytaxi_magazine,12,70,1,0,20180708
nachara_doodle,12,192,0,0,20180504
limkurumikeikaku,12,220,11,1,20180716
shop_hachimitsu,12,48,5,2,20180717
memechan_zz,12,198,3,0,20180711
sachikkosuge,12,20893,12,3,20180718
saori6be,12,40,1,0,20180704
iandyou_from,12,215,12,0,20180714
zaguzaguro,12,45162,4,1,20180718
haruhibatake,12,88,2,0,20180709
yamanami_hm,12,1522,8,0,20180715
gry.ac,12,38,0,0,20180529
milista.jp,12,141,5,1,20180717
rustica_ab,12,263,8,2,20180718
tonalnostalgia,12,114,2,0,20180709
unidots_official,12,760,4,0,20180713
noelrose.nail,12,1975,8,1,20180716
mikuchibiko,12,2521,3,1,20180718
seacret20170423,12,380,4,0,20180708
stevenchoy_asia,12,326,0,0,20180613
agendera.jp,12,82,6,0,20180705
inari_channel,12,11801,12,3,20180718
lapislazulilove,3,151,0,0,20180610
solid_japan,12,453,0,0,20180630
yamareco,12,70,12,3,20180718
